artifact_id,task,model_name,dataset_path,nsize,fgsm,n_calibration,classif_loss,dloss,prototypes,npos,nneg,prototype_strategy,prototype_components,normalize,dist_fct,n_neighbors,model_dir,model_path,prototypes_path,train_encodings_path,valid_encodings_path,test_encodings_path,run_log_path,is_best,notes,mcc,valid_mcc,train_mcc,test_mcc,all_mcc,valid_accuracy,train_auc,valid_auc,test_auc,all_auc,ece,brier,best_head_config,best_head_name,best_head_family,best_head_n_aug,head_config,head_name,head_family,head_n_aug,train_datasets,valid_dataset,test_dataset,split_config_key
8b3353b190a9,notNormal,resnet18,otite_ds_64/USA_Turquie_Chili_GMFUNL,224,0,0,hinge,no,no,1,1,mean,1,no,none,0,logs/best_models/notNormal/resnet18/otite_ds_64/USA_Turquie_Chili_GMFUNL/nsize224/fgsm0/ncal0/hinge/no/prototypes_no/npos1/nneg1/protoagg_mean_1/normno/dist_none/knn0,logs/best_models/notNormal/resnet18/otite_ds_64/USA_Turquie_Chili_GMFUNL/nsize224/fgsm0/ncal0/hinge/no/prototypes_no/npos1/nneg1/protoagg_mean_1/normno/dist_none/knn0/model.pth,logs/best_models/notNormal/resnet18/otite_ds_64/USA_Turquie_Chili_GMFUNL/nsize224/fgsm0/ncal0/hinge/no/prototypes_no/npos1/nneg1/protoagg_mean_1/normno/dist_none/knn0/prototypes.pkl,logs/best_models/notNormal/resnet18/otite_ds_64/USA_Turquie_Chili_GMFUNL/nsize224/fgsm0/ncal0/hinge/no/prototypes_no/npos1/nneg1/protoagg_mean_1/normno/dist_none/knn0/train_encodings.npz,logs/best_models/notNormal/resnet18/otite_ds_64/USA_Turquie_Chili_GMFUNL/nsize224/fgsm0/ncal0/hinge/no/prototypes_no/npos1/nneg1/protoagg_mean_1/normno/dist_none/knn0/valid_encodings.npz,logs/best_models/notNormal/resnet18/otite_ds_64/USA_Turquie_Chili_GMFUNL/nsize224/fgsm0/ncal0/hinge/no/prototypes_no/npos1/nneg1/protoagg_mean_1/normno/dist_none/knn0/test_encodings.npz,logs/notNormal/5a2bd590-223e-4367-8936-73b2c20e496f,yes,,0.6506816427610672,0.6506816427610672,0.7837004025420604,0.6586227873305105,0.7590738697099844,0.7431818181818182,0.9766121356484289,0.9368434343434343,0.9433631772268135,0.9657268031355151,0.06464646464646463,0.38741582491582494,18,KNN (k=18),knn,2,18,KNN (k=18),knn,2,"Banque_Calaman_USA_2020_trie_CM,Banque_Comert_Turquie_2020_jpg,GMFUNL_jan2023",Banque_Viscaino_Chili_2020,Banque_Viscaino_Chili_2020,"Banque_Calaman_USA_2020_trie_CM,Banque_Comert_Turquie_2020_jpg,GMFUNL_jan2023|Banque_Viscaino_Chili_2020|Banque_Viscaino_Chili_2020"
4cc1f9fd2e4a,otitis_four_class,resnet18,otite_ds_64/USA_Turquie_Chili_GMFUNL_inference,224,0,0,arcface,inverseTriplet,batch,1,1,mean,1,yes,cosine,2,logs/best_models/otitis_four_class/resnet18/otite_ds_64/USA_Turquie_Chili_GMFUNL_inference/nsize224/fgsm0/ncal0/arcface/inverseTriplet/prototypes_batch/npos1/nneg1/protoagg_mean_1/normyes/dist_cosine/knn2,logs/best_models/otitis_four_class/resnet18/otite_ds_64/USA_Turquie_Chili_GMFUNL_inference/nsize224/fgsm0/ncal0/arcface/inverseTriplet/prototypes_batch/npos1/nneg1/protoagg_mean_1/normyes/dist_cosine/knn2/model.pth,logs/best_models/otitis_four_class/resnet18/otite_ds_64/USA_Turquie_Chili_GMFUNL_inference/nsize224/fgsm0/ncal0/arcface/inverseTriplet/prototypes_batch/npos1/nneg1/protoagg_mean_1/normyes/dist_cosine/knn2/prototypes.pkl,logs/best_models/otitis_four_class/resnet18/otite_ds_64/USA_Turquie_Chili_GMFUNL_inference/nsize224/fgsm0/ncal0/arcface/inverseTriplet/prototypes_batch/npos1/nneg1/protoagg_mean_1/normyes/dist_cosine/knn2/train_encodings.npz,logs/best_models/otitis_four_class/resnet18/otite_ds_64/USA_Turquie_Chili_GMFUNL_inference/nsize224/fgsm0/ncal0/arcface/inverseTriplet/prototypes_batch/npos1/nneg1/protoagg_mean_1/normyes/dist_cosine/knn2/valid_encodings.npz,logs/best_models/otitis_four_class/resnet18/otite_ds_64/USA_Turquie_Chili_GMFUNL_inference/nsize224/fgsm0/ncal0/arcface/inverseTriplet/prototypes_batch/npos1/nneg1/protoagg_mean_1/normyes/dist_cosine/knn2/test_encodings.npz,logs/otitis_four_class/99cdf494-b004-4efb-83df-9c072eedd5c3,yes,,0.7241176770083,0.7241176770083,0.8283788433831744,0.6741864275928342,0.7771104080210083,0.8022727272727272,0.9462177190283079,0.9044421487603306,0.8793721303948576,0.9396268911353425,0.19789352434987934,0.395321375739314,baseline_naive_bayes,Naive Bayes,naive_bayes,0,baseline_naive_bayes,Naive Bayes,naive_bayes,0,"Banque_Calaman_USA_2020_trie_CM,Banque_Comert_Turquie_2020_jpg,GMFUNL_jan2023",Banque_Viscaino_Chili_2020,Banque_Viscaino_Chili_2020,"Banque_Calaman_USA_2020_trie_CM,Banque_Comert_Turquie_2020_jpg,GMFUNL_jan2023|Banque_Viscaino_Chili_2020|Banque_Viscaino_Chili_2020"
fd3015ccd291,otitis_four_class,resnet18,otite_ds_64/USA_Turquie_Chili_GMFUNL_inference,224,0,0,arcface,inverseTriplet,class,1,1,mean,1,yes,cosine,2,logs/best_models/otitis_four_class/resnet18/otite_ds_64/USA_Turquie_Chili_GMFUNL_inference/nsize224/fgsm0/ncal0/arcface/inverseTriplet/prototypes_class/npos1/nneg1/protoagg_mean_1/normyes/dist_cosine/knn2,logs/best_models/otitis_four_class/resnet18/otite_ds_64/USA_Turquie_Chili_GMFUNL_inference/nsize224/fgsm0/ncal0/arcface/inverseTriplet/prototypes_class/npos1/nneg1/protoagg_mean_1/normyes/dist_cosine/knn2/model.pth,logs/best_models/otitis_four_class/resnet18/otite_ds_64/USA_Turquie_Chili_GMFUNL_inference/nsize224/fgsm0/ncal0/arcface/inverseTriplet/prototypes_class/npos1/nneg1/protoagg_mean_1/normyes/dist_cosine/knn2/prototypes.pkl,logs/best_models/otitis_four_class/resnet18/otite_ds_64/USA_Turquie_Chili_GMFUNL_inference/nsize224/fgsm0/ncal0/arcface/inverseTriplet/prototypes_class/npos1/nneg1/protoagg_mean_1/normyes/dist_cosine/knn2/train_encodings.npz,logs/best_models/otitis_four_class/resnet18/otite_ds_64/USA_Turquie_Chili_GMFUNL_inference/nsize224/fgsm0/ncal0/arcface/inverseTriplet/prototypes_class/npos1/nneg1/protoagg_mean_1/normyes/dist_cosine/knn2/valid_encodings.npz,logs/best_models/otitis_four_class/resnet18/otite_ds_64/USA_Turquie_Chili_GMFUNL_inference/nsize224/fgsm0/ncal0/arcface/inverseTriplet/prototypes_class/npos1/nneg1/protoagg_mean_1/normyes/dist_cosine/knn2/test_encodings.npz,logs/otitis_four_class/58f4b729-f7f8-4c05-8518-324f4b13fffd,yes,,0.7241176770083,0.7241176770083,0.8283788433831744,0.6741864275928342,0.7771104080210083,0.8022727272727272,0.9462177190283079,0.9044421487603306,0.8793721303948576,0.9396268911353425,0.19789352434987934,0.395321375739314,baseline_naive_bayes,Naive Bayes,naive_bayes,0,baseline_naive_bayes,Naive Bayes,naive_bayes,0,"Banque_Calaman_USA_2020_trie_CM,Banque_Comert_Turquie_2020_jpg,GMFUNL_jan2023",Banque_Viscaino_Chili_2020,Banque_Viscaino_Chili_2020,"Banque_Calaman_USA_2020_trie_CM,Banque_Comert_Turquie_2020_jpg,GMFUNL_jan2023|Banque_Viscaino_Chili_2020|Banque_Viscaino_Chili_2020"
2390fa1441fa,otitis_four_class,resnet18,otite_ds_64/USA_Turquie_Chili_GMFUNL_inference,224,0,0,arcface,inverseTriplet,no,1,1,mean,1,yes,cosine,1,logs/best_models/otitis_four_class/resnet18/otite_ds_64/USA_Turquie_Chili_GMFUNL_inference/nsize224/fgsm0/ncal0/arcface/inverseTriplet/prototypes_no/npos1/nneg1/protoagg_mean_1/normyes/dist_cosine/knn1,logs/best_models/otitis_four_class/resnet18/otite_ds_64/USA_Turquie_Chili_GMFUNL_inference/nsize224/fgsm0/ncal0/arcface/inverseTriplet/prototypes_no/npos1/nneg1/protoagg_mean_1/normyes/dist_cosine/knn1/model.pth,logs/best_models/otitis_four_class/resnet18/otite_ds_64/USA_Turquie_Chili_GMFUNL_inference/nsize224/fgsm0/ncal0/arcface/inverseTriplet/prototypes_no/npos1/nneg1/protoagg_mean_1/normyes/dist_cosine/knn1/prototypes.pkl,logs/best_models/otitis_four_class/resnet18/otite_ds_64/USA_Turquie_Chili_GMFUNL_inference/nsize224/fgsm0/ncal0/arcface/inverseTriplet/prototypes_no/npos1/nneg1/protoagg_mean_1/normyes/dist_cosine/knn1/train_encodings.npz,logs/best_models/otitis_four_class/resnet18/otite_ds_64/USA_Turquie_Chili_GMFUNL_inference/nsize224/fgsm0/ncal0/arcface/inverseTriplet/prototypes_no/npos1/nneg1/protoagg_mean_1/normyes/dist_cosine/knn1/valid_encodings.npz,logs/best_models/otitis_four_class/resnet18/otite_ds_64/USA_Turquie_Chili_GMFUNL_inference/nsize224/fgsm0/ncal0/arcface/inverseTriplet/prototypes_no/npos1/nneg1/protoagg_mean_1/normyes/dist_cosine/knn1/test_encodings.npz,logs/otitis_four_class/f5b6f19d-a226-4cc5-91a0-450270de5c69,yes,,0.7270750574569337,0.7270750574569337,0.8611308116031319,0.6949043204375099,0.8373392484550483,0.825,0.9891972666879305,0.942465564738292,0.9255406336088154,0.9790505188886447,0.07665289256198346,0.28820435762584523,11,KNN (k=11),knn,2,11,KNN (k=11),knn,2,"Banque_Calaman_USA_2020_trie_CM,Banque_Comert_Turquie_2020_jpg,GMFUNL_jan2023",Banque_Viscaino_Chili_2020,Banque_Viscaino_Chili_2020,"Banque_Calaman_USA_2020_trie_CM,Banque_Comert_Turquie_2020_jpg,GMFUNL_jan2023|Banque_Viscaino_Chili_2020|Banque_Viscaino_Chili_2020"
bdfc76cc21e1,otitis_four_class,resnet18,otite_ds_64/USA_Turquie_Chili_GMFUNL_inference,224,0,0,arcface,inverseTriplet,no,1,1,mean,1,yes,cosine,7,logs/best_models/otitis_four_class/resnet18/otite_ds_64/USA_Turquie_Chili_GMFUNL_inference/nsize224/fgsm0/ncal0/arcface/inverseTriplet/prototypes_no/npos1/nneg1/protoagg_mean_1/normyes/dist_cosine/knn7,logs/best_models/otitis_four_class/resnet18/otite_ds_64/USA_Turquie_Chili_GMFUNL_inference/nsize224/fgsm0/ncal0/arcface/inverseTriplet/prototypes_no/npos1/nneg1/protoagg_mean_1/normyes/dist_cosine/knn7/model.pth,logs/best_models/otitis_four_class/resnet18/otite_ds_64/USA_Turquie_Chili_GMFUNL_inference/nsize224/fgsm0/ncal0/arcface/inverseTriplet/prototypes_no/npos1/nneg1/protoagg_mean_1/normyes/dist_cosine/knn7/prototypes.pkl,logs/best_models/otitis_four_class/resnet18/otite_ds_64/USA_Turquie_Chili_GMFUNL_inference/nsize224/fgsm0/ncal0/arcface/inverseTriplet/prototypes_no/npos1/nneg1/protoagg_mean_1/normyes/dist_cosine/knn7/train_encodings.npz,logs/best_models/otitis_four_class/resnet18/otite_ds_64/USA_Turquie_Chili_GMFUNL_inference/nsize224/fgsm0/ncal0/arcface/inverseTriplet/prototypes_no/npos1/nneg1/protoagg_mean_1/normyes/dist_cosine/knn7/valid_encodings.npz,logs/best_models/otitis_four_class/resnet18/otite_ds_64/USA_Turquie_Chili_GMFUNL_inference/nsize224/fgsm0/ncal0/arcface/inverseTriplet/prototypes_no/npos1/nneg1/protoagg_mean_1/normyes/dist_cosine/knn7/test_encodings.npz,logs/otitis_four_class/dfe66876-6ca4-4796-8d06-8c8438b14582,yes,,0.5585869068763524,0.5585869068763524,0.7296848771404594,0.5589747482963163,0.6912824810309582,0.6545454545454545,0.9576229222441963,0.91188246097337,0.9182024793388429,0.9336393873116673,0.22573623437627527,0.5975387608818397,baseline_lda,Linear Discriminant,lda,2,baseline_lda,Linear Discriminant,lda,2,"Banque_Calaman_USA_2020_trie_CM,Banque_Comert_Turquie_2020_jpg,GMFUNL_jan2023",Banque_Viscaino_Chili_2020,Banque_Viscaino_Chili_2020,"Banque_Calaman_USA_2020_trie_CM,Banque_Comert_Turquie_2020_jpg,GMFUNL_jan2023|Banque_Viscaino_Chili_2020|Banque_Viscaino_Chili_2020"
b9681e8ceb1b,otitis_four_class,resnet18,otite_ds_64/USA_Turquie_Chili_GMFUNL_inference,224,0,0,ce,inverseTriplet,no,1,1,mean,1,yes,cosine,1,logs/best_models/otitis_four_class/resnet18/otite_ds_64/USA_Turquie_Chili_GMFUNL_inference/nsize224/fgsm0/ncal0/ce/inverseTriplet/prototypes_no/npos1/nneg1/protoagg_mean_1/normyes/dist_cosine/knn1,logs/best_models/otitis_four_class/resnet18/otite_ds_64/USA_Turquie_Chili_GMFUNL_inference/nsize224/fgsm0/ncal0/ce/inverseTriplet/prototypes_no/npos1/nneg1/protoagg_mean_1/normyes/dist_cosine/knn1/model.pth,logs/best_models/otitis_four_class/resnet18/otite_ds_64/USA_Turquie_Chili_GMFUNL_inference/nsize224/fgsm0/ncal0/ce/inverseTriplet/prototypes_no/npos1/nneg1/protoagg_mean_1/normyes/dist_cosine/knn1/prototypes.pkl,logs/best_models/otitis_four_class/resnet18/otite_ds_64/USA_Turquie_Chili_GMFUNL_inference/nsize224/fgsm0/ncal0/ce/inverseTriplet/prototypes_no/npos1/nneg1/protoagg_mean_1/normyes/dist_cosine/knn1/train_encodings.npz,logs/best_models/otitis_four_class/resnet18/otite_ds_64/USA_Turquie_Chili_GMFUNL_inference/nsize224/fgsm0/ncal0/ce/inverseTriplet/prototypes_no/npos1/nneg1/protoagg_mean_1/normyes/dist_cosine/knn1/valid_encodings.npz,logs/best_models/otitis_four_class/resnet18/otite_ds_64/USA_Turquie_Chili_GMFUNL_inference/nsize224/fgsm0/ncal0/ce/inverseTriplet/prototypes_no/npos1/nneg1/protoagg_mean_1/normyes/dist_cosine/knn1/test_encodings.npz,logs/otitis_four_class/7ec53473-9aa5-4f7b-a12c-27e17e1b7d3d,yes,,0.7270750574569337,0.7270750574569337,0.8611308116031319,0.6949043204375099,0.8373392484550483,0.825,0.9891972666879305,0.942465564738292,0.9255406336088154,0.9790505188886447,0.07665289256198346,0.28820435762584523,11,KNN (k=11),knn,2,11,KNN (k=11),knn,2,"Banque_Calaman_USA_2020_trie_CM,Banque_Comert_Turquie_2020_jpg,GMFUNL_jan2023",Banque_Viscaino_Chili_2020,Banque_Viscaino_Chili_2020,"Banque_Calaman_USA_2020_trie_CM,Banque_Comert_Turquie_2020_jpg,GMFUNL_jan2023|Banque_Viscaino_Chili_2020|Banque_Viscaino_Chili_2020"
5225e38dd55d,otitis_four_class,resnet18,otite_ds_64/USA_Turquie_Chili_GMFUNL_inference,224,0,0,ce,inverseTriplet,no,1,1,mean,1,yes,cosine,7,logs/best_models/otitis_four_class/resnet18/otite_ds_64/USA_Turquie_Chili_GMFUNL_inference/nsize224/fgsm0/ncal0/ce/inverseTriplet/prototypes_no/npos1/nneg1/protoagg_mean_1/normyes/dist_cosine/knn7,logs/best_models/otitis_four_class/resnet18/otite_ds_64/USA_Turquie_Chili_GMFUNL_inference/nsize224/fgsm0/ncal0/ce/inverseTriplet/prototypes_no/npos1/nneg1/protoagg_mean_1/normyes/dist_cosine/knn7/model.pth,logs/best_models/otitis_four_class/resnet18/otite_ds_64/USA_Turquie_Chili_GMFUNL_inference/nsize224/fgsm0/ncal0/ce/inverseTriplet/prototypes_no/npos1/nneg1/protoagg_mean_1/normyes/dist_cosine/knn7/prototypes.pkl,logs/best_models/otitis_four_class/resnet18/otite_ds_64/USA_Turquie_Chili_GMFUNL_inference/nsize224/fgsm0/ncal0/ce/inverseTriplet/prototypes_no/npos1/nneg1/protoagg_mean_1/normyes/dist_cosine/knn7/train_encodings.npz,logs/best_models/otitis_four_class/resnet18/otite_ds_64/USA_Turquie_Chili_GMFUNL_inference/nsize224/fgsm0/ncal0/ce/inverseTriplet/prototypes_no/npos1/nneg1/protoagg_mean_1/normyes/dist_cosine/knn7/valid_encodings.npz,logs/best_models/otitis_four_class/resnet18/otite_ds_64/USA_Turquie_Chili_GMFUNL_inference/nsize224/fgsm0/ncal0/ce/inverseTriplet/prototypes_no/npos1/nneg1/protoagg_mean_1/normyes/dist_cosine/knn7/test_encodings.npz,logs/otitis_four_class/c1005f33-4fa1-4cd5-8570-bc0ad6c8ecc6,yes,,0.5585869068763524,0.5585869068763524,0.7296848771404594,0.5589747482963163,0.6912824810309582,0.6545454545454545,0.9576229222441963,0.91188246097337,0.9182024793388429,0.9336393873116673,0.22573623437627527,0.5975387608818397,baseline_lda,Linear Discriminant,lda,2,baseline_lda,Linear Discriminant,lda,2,"Banque_Calaman_USA_2020_trie_CM,Banque_Comert_Turquie_2020_jpg,GMFUNL_jan2023",Banque_Viscaino_Chili_2020,Banque_Viscaino_Chili_2020,"Banque_Calaman_USA_2020_trie_CM,Banque_Comert_Turquie_2020_jpg,GMFUNL_jan2023|Banque_Viscaino_Chili_2020|Banque_Viscaino_Chili_2020"
0958bf58f4f0,otitis_four_class,resnet18,otite_ds_64/USA_Turquie_Chili_GMFUNL_inference,224,0,0,hinge,inverseTriplet,no,1,1,mean,1,yes,cosine,1,logs/best_models/otitis_four_class/resnet18/otite_ds_64/USA_Turquie_Chili_GMFUNL_inference/nsize224/fgsm0/ncal0/hinge/inverseTriplet/prototypes_no/npos1/nneg1/protoagg_mean_1/normyes/dist_cosine/knn1,logs/best_models/otitis_four_class/resnet18/otite_ds_64/USA_Turquie_Chili_GMFUNL_inference/nsize224/fgsm0/ncal0/hinge/inverseTriplet/prototypes_no/npos1/nneg1/protoagg_mean_1/normyes/dist_cosine/knn1/model.pth,logs/best_models/otitis_four_class/resnet18/otite_ds_64/USA_Turquie_Chili_GMFUNL_inference/nsize224/fgsm0/ncal0/hinge/inverseTriplet/prototypes_no/npos1/nneg1/protoagg_mean_1/normyes/dist_cosine/knn1/prototypes.pkl,logs/best_models/otitis_four_class/resnet18/otite_ds_64/USA_Turquie_Chili_GMFUNL_inference/nsize224/fgsm0/ncal0/hinge/inverseTriplet/prototypes_no/npos1/nneg1/protoagg_mean_1/normyes/dist_cosine/knn1/train_encodings.npz,logs/best_models/otitis_four_class/resnet18/otite_ds_64/USA_Turquie_Chili_GMFUNL_inference/nsize224/fgsm0/ncal0/hinge/inverseTriplet/prototypes_no/npos1/nneg1/protoagg_mean_1/normyes/dist_cosine/knn1/valid_encodings.npz,logs/best_models/otitis_four_class/resnet18/otite_ds_64/USA_Turquie_Chili_GMFUNL_inference/nsize224/fgsm0/ncal0/hinge/inverseTriplet/prototypes_no/npos1/nneg1/protoagg_mean_1/normyes/dist_cosine/knn1/test_encodings.npz,logs/otitis_four_class/15e874ca-6e40-4c25-851b-b2dfc528318d,yes,,0.7270750574569337,0.7270750574569337,0.8611308116031319,0.6949043204375099,0.8373392484550483,0.825,0.9891972666879305,0.942465564738292,0.9255406336088154,0.9790505188886447,0.07665289256198346,0.28820435762584523,11,KNN (k=11),knn,2,11,KNN (k=11),knn,2,"Banque_Calaman_USA_2020_trie_CM,Banque_Comert_Turquie_2020_jpg,GMFUNL_jan2023",Banque_Viscaino_Chili_2020,Banque_Viscaino_Chili_2020,"Banque_Calaman_USA_2020_trie_CM,Banque_Comert_Turquie_2020_jpg,GMFUNL_jan2023|Banque_Viscaino_Chili_2020|Banque_Viscaino_Chili_2020"
510cc6a872cb,otitis_four_class,resnet18,otite_ds_64/USA_Turquie_Chili_GMFUNL_inference,224,0,0,hinge,inverseTriplet,no,1,1,mean,1,yes,cosine,7,logs/best_models/otitis_four_class/resnet18/otite_ds_64/USA_Turquie_Chili_GMFUNL_inference/nsize224/fgsm0/ncal0/hinge/inverseTriplet/prototypes_no/npos1/nneg1/protoagg_mean_1/normyes/dist_cosine/knn7,logs/best_models/otitis_four_class/resnet18/otite_ds_64/USA_Turquie_Chili_GMFUNL_inference/nsize224/fgsm0/ncal0/hinge/inverseTriplet/prototypes_no/npos1/nneg1/protoagg_mean_1/normyes/dist_cosine/knn7/model.pth,logs/best_models/otitis_four_class/resnet18/otite_ds_64/USA_Turquie_Chili_GMFUNL_inference/nsize224/fgsm0/ncal0/hinge/inverseTriplet/prototypes_no/npos1/nneg1/protoagg_mean_1/normyes/dist_cosine/knn7/prototypes.pkl,logs/best_models/otitis_four_class/resnet18/otite_ds_64/USA_Turquie_Chili_GMFUNL_inference/nsize224/fgsm0/ncal0/hinge/inverseTriplet/prototypes_no/npos1/nneg1/protoagg_mean_1/normyes/dist_cosine/knn7/train_encodings.npz,logs/best_models/otitis_four_class/resnet18/otite_ds_64/USA_Turquie_Chili_GMFUNL_inference/nsize224/fgsm0/ncal0/hinge/inverseTriplet/prototypes_no/npos1/nneg1/protoagg_mean_1/normyes/dist_cosine/knn7/valid_encodings.npz,logs/best_models/otitis_four_class/resnet18/otite_ds_64/USA_Turquie_Chili_GMFUNL_inference/nsize224/fgsm0/ncal0/hinge/inverseTriplet/prototypes_no/npos1/nneg1/protoagg_mean_1/normyes/dist_cosine/knn7/test_encodings.npz,logs/otitis_four_class/92123d93-4383-4f84-b9cb-57a5826df371,yes,,0.5585869068763524,0.5585869068763524,0.7296848771404594,0.5589747482963163,0.6912824810309582,0.6545454545454545,0.9576229222441963,0.91188246097337,0.9182024793388429,0.9336393873116673,0.22573623437627527,0.5975387608818397,baseline_lda,Linear Discriminant,lda,2,baseline_lda,Linear Discriminant,lda,2,"Banque_Calaman_USA_2020_trie_CM,Banque_Comert_Turquie_2020_jpg,GMFUNL_jan2023",Banque_Viscaino_Chili_2020,Banque_Viscaino_Chili_2020,"Banque_Calaman_USA_2020_trie_CM,Banque_Comert_Turquie_2020_jpg,GMFUNL_jan2023|Banque_Viscaino_Chili_2020|Banque_Viscaino_Chili_2020"
623d69df65d1,otitis_four_class,resnet18,otite_ds_64/USA_Turquie_Chili_GMFUNL_inference,224,0,0,hinge,no,no,1,1,mean,1,yes,none,0,logs/best_models/otitis_four_class/resnet18/otite_ds_64/USA_Turquie_Chili_GMFUNL_inference/nsize224/fgsm0/ncal0/hinge/no/prototypes_no/npos1/nneg1/protoagg_mean_1/normyes/dist_none/knn0,logs/best_models/otitis_four_class/resnet18/otite_ds_64/USA_Turquie_Chili_GMFUNL_inference/nsize224/fgsm0/ncal0/hinge/no/prototypes_no/npos1/nneg1/protoagg_mean_1/normyes/dist_none/knn0/model.pth,logs/best_models/otitis_four_class/resnet18/otite_ds_64/USA_Turquie_Chili_GMFUNL_inference/nsize224/fgsm0/ncal0/hinge/no/prototypes_no/npos1/nneg1/protoagg_mean_1/normyes/dist_none/knn0/prototypes.pkl,logs/best_models/otitis_four_class/resnet18/otite_ds_64/USA_Turquie_Chili_GMFUNL_inference/nsize224/fgsm0/ncal0/hinge/no/prototypes_no/npos1/nneg1/protoagg_mean_1/normyes/dist_none/knn0/train_encodings.npz,logs/best_models/otitis_four_class/resnet18/otite_ds_64/USA_Turquie_Chili_GMFUNL_inference/nsize224/fgsm0/ncal0/hinge/no/prototypes_no/npos1/nneg1/protoagg_mean_1/normyes/dist_none/knn0/valid_encodings.npz,logs/best_models/otitis_four_class/resnet18/otite_ds_64/USA_Turquie_Chili_GMFUNL_inference/nsize224/fgsm0/ncal0/hinge/no/prototypes_no/npos1/nneg1/protoagg_mean_1/normyes/dist_none/knn0/test_encodings.npz,logs/otitis_four_class/066c42de-fa41-4b3d-83d7-e269f6ff29d3,yes,,0.6506816427610672,0.6506816427610672,0.7837004025420604,0.6586227873305105,0.7590738697099844,0.7431818181818182,0.9766121356484289,0.9368434343434343,0.9433631772268135,0.9657268031355151,0.06464646464646463,0.38741582491582494,18,KNN (k=18),knn,2,18,KNN (k=18),knn,2,"Banque_Calaman_USA_2020_trie_CM,Banque_Comert_Turquie_2020_jpg,GMFUNL_jan2023",Banque_Viscaino_Chili_2020,Banque_Viscaino_Chili_2020,"Banque_Calaman_USA_2020_trie_CM,Banque_Comert_Turquie_2020_jpg,GMFUNL_jan2023|Banque_Viscaino_Chili_2020|Banque_Viscaino_Chili_2020"
f3936f05a794,otitis_four_class,resnet18,otite_ds_64/USA_Turquie_Chili_GMFUNL_inference,224,0,0,softmax_contrastive,inverseTriplet,no,1,1,mean,1,yes,cosine,3,logs/best_models/otitis_four_class/resnet18/otite_ds_64/USA_Turquie_Chili_GMFUNL_inference/nsize224/fgsm0/ncal0/softmax_contrastive/inverseTriplet/prototypes_no/npos1/nneg1/protoagg_mean_1/normyes/dist_cosine/knn3,logs/best_models/otitis_four_class/resnet18/otite_ds_64/USA_Turquie_Chili_GMFUNL_inference/nsize224/fgsm0/ncal0/softmax_contrastive/inverseTriplet/prototypes_no/npos1/nneg1/protoagg_mean_1/normyes/dist_cosine/knn3/model.pth,logs/best_models/otitis_four_class/resnet18/otite_ds_64/USA_Turquie_Chili_GMFUNL_inference/nsize224/fgsm0/ncal0/softmax_contrastive/inverseTriplet/prototypes_no/npos1/nneg1/protoagg_mean_1/normyes/dist_cosine/knn3/prototypes.pkl,logs/best_models/otitis_four_class/resnet18/otite_ds_64/USA_Turquie_Chili_GMFUNL_inference/nsize224/fgsm0/ncal0/softmax_contrastive/inverseTriplet/prototypes_no/npos1/nneg1/protoagg_mean_1/normyes/dist_cosine/knn3/train_encodings.npz,logs/best_models/otitis_four_class/resnet18/otite_ds_64/USA_Turquie_Chili_GMFUNL_inference/nsize224/fgsm0/ncal0/softmax_contrastive/inverseTriplet/prototypes_no/npos1/nneg1/protoagg_mean_1/normyes/dist_cosine/knn3/valid_encodings.npz,logs/best_models/otitis_four_class/resnet18/otite_ds_64/USA_Turquie_Chili_GMFUNL_inference/nsize224/fgsm0/ncal0/softmax_contrastive/inverseTriplet/prototypes_no/npos1/nneg1/protoagg_mean_1/normyes/dist_cosine/knn3/test_encodings.npz,logs/otitis_four_class/2395f2ab-37cd-4332-ab34-ef10e442fad5,yes,,0.5295276100132421,0.5295276100132421,0.7771942260633621,0.533054964713087,0.7278496473717374,0.6477272727272727,0.9728797574598997,0.8579178145087235,0.8478053259871441,0.946115565009235,0.05608922952930313,0.5059660916604385,baseline_rbf_svc,RBF SVC,rbf_svc,2,baseline_rbf_svc,RBF SVC,rbf_svc,2,"Banque_Calaman_USA_2020_trie_CM,Banque_Comert_Turquie_2020_jpg,GMFUNL_jan2023",Banque_Viscaino_Chili_2020,Banque_Viscaino_Chili_2020,"Banque_Calaman_USA_2020_trie_CM,Banque_Comert_Turquie_2020_jpg,GMFUNL_jan2023|Banque_Viscaino_Chili_2020|Banque_Viscaino_Chili_2020"
8d192879953f,otitis_four_class,resnet18,otite_ds_64/USA_Turquie_Chili_GMFUNL_inference,224,0,0,softmax_contrastive,no,no,1,1,mean,1,yes,cosine,7,logs/best_models/otitis_four_class/resnet18/otite_ds_64/USA_Turquie_Chili_GMFUNL_inference/nsize224/fgsm0/ncal0/softmax_contrastive/no/prototypes_no/npos1/nneg1/protoagg_mean_1/normyes/dist_cosine/knn7,logs/best_models/otitis_four_class/resnet18/otite_ds_64/USA_Turquie_Chili_GMFUNL_inference/nsize224/fgsm0/ncal0/softmax_contrastive/no/prototypes_no/npos1/nneg1/protoagg_mean_1/normyes/dist_cosine/knn7/model.pth,logs/best_models/otitis_four_class/resnet18/otite_ds_64/USA_Turquie_Chili_GMFUNL_inference/nsize224/fgsm0/ncal0/softmax_contrastive/no/prototypes_no/npos1/nneg1/protoagg_mean_1/normyes/dist_cosine/knn7/prototypes.pkl,logs/best_models/otitis_four_class/resnet18/otite_ds_64/USA_Turquie_Chili_GMFUNL_inference/nsize224/fgsm0/ncal0/softmax_contrastive/no/prototypes_no/npos1/nneg1/protoagg_mean_1/normyes/dist_cosine/knn7/train_encodings.npz,logs/best_models/otitis_four_class/resnet18/otite_ds_64/USA_Turquie_Chili_GMFUNL_inference/nsize224/fgsm0/ncal0/softmax_contrastive/no/prototypes_no/npos1/nneg1/protoagg_mean_1/normyes/dist_cosine/knn7/valid_encodings.npz,logs/best_models/otitis_four_class/resnet18/otite_ds_64/USA_Turquie_Chili_GMFUNL_inference/nsize224/fgsm0/ncal0/softmax_contrastive/no/prototypes_no/npos1/nneg1/protoagg_mean_1/normyes/dist_cosine/knn7/test_encodings.npz,logs/otitis_four_class/83206d63-bb13-4317-8d0f-a439edc7bd74,yes,,0.5585869068763524,0.5585869068763524,0.7296848771404594,0.5589747482963163,0.6912824810309582,0.6545454545454545,0.9576229222441963,0.91188246097337,0.9182024793388429,0.9336393873116673,0.22573623437627527,0.5975387608818397,baseline_lda,Linear Discriminant,lda,2,baseline_lda,Linear Discriminant,lda,2,"Banque_Calaman_USA_2020_trie_CM,Banque_Comert_Turquie_2020_jpg,GMFUNL_jan2023",Banque_Viscaino_Chili_2020,Banque_Viscaino_Chili_2020,"Banque_Calaman_USA_2020_trie_CM,Banque_Comert_Turquie_2020_jpg,GMFUNL_jan2023|Banque_Viscaino_Chili_2020|Banque_Viscaino_Chili_2020"
5cb29eb08853,otitis_four_class,resnet18,otite_ds_64/USA_Turquie_Chili_GMFUNL_inference,224,0,0,triplet,inverseTriplet,batch,1,1,mean,1,yes,cosine,2,logs/best_models/otitis_four_class/resnet18/otite_ds_64/USA_Turquie_Chili_GMFUNL_inference/nsize224/fgsm0/ncal0/triplet/inverseTriplet/prototypes_batch/npos1/nneg1/protoagg_mean_1/normyes/dist_cosine/knn2,logs/best_models/otitis_four_class/resnet18/otite_ds_64/USA_Turquie_Chili_GMFUNL_inference/nsize224/fgsm0/ncal0/triplet/inverseTriplet/prototypes_batch/npos1/nneg1/protoagg_mean_1/normyes/dist_cosine/knn2/model.pth,logs/best_models/otitis_four_class/resnet18/otite_ds_64/USA_Turquie_Chili_GMFUNL_inference/nsize224/fgsm0/ncal0/triplet/inverseTriplet/prototypes_batch/npos1/nneg1/protoagg_mean_1/normyes/dist_cosine/knn2/prototypes.pkl,logs/best_models/otitis_four_class/resnet18/otite_ds_64/USA_Turquie_Chili_GMFUNL_inference/nsize224/fgsm0/ncal0/triplet/inverseTriplet/prototypes_batch/npos1/nneg1/protoagg_mean_1/normyes/dist_cosine/knn2/train_encodings.npz,logs/best_models/otitis_four_class/resnet18/otite_ds_64/USA_Turquie_Chili_GMFUNL_inference/nsize224/fgsm0/ncal0/triplet/inverseTriplet/prototypes_batch/npos1/nneg1/protoagg_mean_1/normyes/dist_cosine/knn2/valid_encodings.npz,logs/best_models/otitis_four_class/resnet18/otite_ds_64/USA_Turquie_Chili_GMFUNL_inference/nsize224/fgsm0/ncal0/triplet/inverseTriplet/prototypes_batch/npos1/nneg1/protoagg_mean_1/normyes/dist_cosine/knn2/test_encodings.npz,logs/otitis_four_class/95113bfa-0bbb-4f12-83d9-6ea5e4b037e7,yes,,0.7241176770083,0.7241176770083,0.8283788433831744,0.6741864275928342,0.7771104080210083,0.8022727272727272,0.9462177190283079,0.9044421487603306,0.8793721303948576,0.9396268911353425,0.19789352434987934,0.395321375739314,baseline_naive_bayes,Naive Bayes,naive_bayes,0,baseline_naive_bayes,Naive Bayes,naive_bayes,0,"Banque_Calaman_USA_2020_trie_CM,Banque_Comert_Turquie_2020_jpg,GMFUNL_jan2023",Banque_Viscaino_Chili_2020,Banque_Viscaino_Chili_2020,"Banque_Calaman_USA_2020_trie_CM,Banque_Comert_Turquie_2020_jpg,GMFUNL_jan2023|Banque_Viscaino_Chili_2020|Banque_Viscaino_Chili_2020"
1281d0ecb5a5,otitis_four_class,resnet18,otite_ds_64/USA_Turquie_Chili_GMFUNL_inference,224,0,0,triplet,inverseTriplet,class,1,1,mean,1,yes,cosine,2,logs/best_models/otitis_four_class/resnet18/otite_ds_64/USA_Turquie_Chili_GMFUNL_inference/nsize224/fgsm0/ncal0/triplet/inverseTriplet/prototypes_class/npos1/nneg1/protoagg_mean_1/normyes/dist_cosine/knn2,logs/best_models/otitis_four_class/resnet18/otite_ds_64/USA_Turquie_Chili_GMFUNL_inference/nsize224/fgsm0/ncal0/triplet/inverseTriplet/prototypes_class/npos1/nneg1/protoagg_mean_1/normyes/dist_cosine/knn2/model.pth,logs/best_models/otitis_four_class/resnet18/otite_ds_64/USA_Turquie_Chili_GMFUNL_inference/nsize224/fgsm0/ncal0/triplet/inverseTriplet/prototypes_class/npos1/nneg1/protoagg_mean_1/normyes/dist_cosine/knn2/prototypes.pkl,logs/best_models/otitis_four_class/resnet18/otite_ds_64/USA_Turquie_Chili_GMFUNL_inference/nsize224/fgsm0/ncal0/triplet/inverseTriplet/prototypes_class/npos1/nneg1/protoagg_mean_1/normyes/dist_cosine/knn2/train_encodings.npz,logs/best_models/otitis_four_class/resnet18/otite_ds_64/USA_Turquie_Chili_GMFUNL_inference/nsize224/fgsm0/ncal0/triplet/inverseTriplet/prototypes_class/npos1/nneg1/protoagg_mean_1/normyes/dist_cosine/knn2/valid_encodings.npz,logs/best_models/otitis_four_class/resnet18/otite_ds_64/USA_Turquie_Chili_GMFUNL_inference/nsize224/fgsm0/ncal0/triplet/inverseTriplet/prototypes_class/npos1/nneg1/protoagg_mean_1/normyes/dist_cosine/knn2/test_encodings.npz,logs/otitis_four_class/25cc7446-a8db-4b9b-aeef-11428d68ac37,yes,,0.7241176770083,0.7241176770083,0.8283788433831744,0.6741864275928342,0.7771104080210083,0.8022727272727272,0.9462177190283079,0.9044421487603306,0.8793721303948576,0.9396268911353425,0.19789352434987934,0.395321375739314,baseline_naive_bayes,Naive Bayes,naive_bayes,0,baseline_naive_bayes,Naive Bayes,naive_bayes,0,"Banque_Calaman_USA_2020_trie_CM,Banque_Comert_Turquie_2020_jpg,GMFUNL_jan2023",Banque_Viscaino_Chili_2020,Banque_Viscaino_Chili_2020,"Banque_Calaman_USA_2020_trie_CM,Banque_Comert_Turquie_2020_jpg,GMFUNL_jan2023|Banque_Viscaino_Chili_2020|Banque_Viscaino_Chili_2020"
c19464692fad,otitis_four_class,resnet18,otite_ds_64/USA_Turquie_Chili_GMFUNL_inference,224,0,0,triplet,inverseTriplet,class,1,1,mean,1,yes,euclidean,4,logs/best_models/otitis_four_class/resnet18/otite_ds_64/USA_Turquie_Chili_GMFUNL_inference/nsize224/fgsm0/ncal0/triplet/inverseTriplet/prototypes_class/npos1/nneg1/protoagg_mean_1/normyes/dist_euclidean/knn4,logs/best_models/otitis_four_class/resnet18/otite_ds_64/USA_Turquie_Chili_GMFUNL_inference/nsize224/fgsm0/ncal0/triplet/inverseTriplet/prototypes_class/npos1/nneg1/protoagg_mean_1/normyes/dist_euclidean/knn4/model.pth,logs/best_models/otitis_four_class/resnet18/otite_ds_64/USA_Turquie_Chili_GMFUNL_inference/nsize224/fgsm0/ncal0/triplet/inverseTriplet/prototypes_class/npos1/nneg1/protoagg_mean_1/normyes/dist_euclidean/knn4/prototypes.pkl,logs/best_models/otitis_four_class/resnet18/otite_ds_64/USA_Turquie_Chili_GMFUNL_inference/nsize224/fgsm0/ncal0/triplet/inverseTriplet/prototypes_class/npos1/nneg1/protoagg_mean_1/normyes/dist_euclidean/knn4/train_encodings.npz,logs/best_models/otitis_four_class/resnet18/otite_ds_64/USA_Turquie_Chili_GMFUNL_inference/nsize224/fgsm0/ncal0/triplet/inverseTriplet/prototypes_class/npos1/nneg1/protoagg_mean_1/normyes/dist_euclidean/knn4/valid_encodings.npz,logs/best_models/otitis_four_class/resnet18/otite_ds_64/USA_Turquie_Chili_GMFUNL_inference/nsize224/fgsm0/ncal0/triplet/inverseTriplet/prototypes_class/npos1/nneg1/protoagg_mean_1/normyes/dist_euclidean/knn4/test_encodings.npz,logs/otitis_four_class/70b3dcd1-13c2-4bcb-a4bc-7ba1d13e96a3,yes,,,,,,,,,,,,,,,,,,,,,,,,,
2b3865377d70,otitis_four_class,resnet18,otite_ds_64/USA_Turquie_Chili_GMFUNL_inference,224,0,0,triplet,inverseTriplet,no,1,1,mean,1,yes,cosine,3,logs/best_models/otitis_four_class/resnet18/otite_ds_64/USA_Turquie_Chili_GMFUNL_inference/nsize224/fgsm0/ncal0/triplet/inverseTriplet/prototypes_no/npos1/nneg1/protoagg_mean_1/normyes/dist_cosine/knn3,logs/best_models/otitis_four_class/resnet18/otite_ds_64/USA_Turquie_Chili_GMFUNL_inference/nsize224/fgsm0/ncal0/triplet/inverseTriplet/prototypes_no/npos1/nneg1/protoagg_mean_1/normyes/dist_cosine/knn3/model.pth,logs/best_models/otitis_four_class/resnet18/otite_ds_64/USA_Turquie_Chili_GMFUNL_inference/nsize224/fgsm0/ncal0/triplet/inverseTriplet/prototypes_no/npos1/nneg1/protoagg_mean_1/normyes/dist_cosine/knn3/prototypes.pkl,logs/best_models/otitis_four_class/resnet18/otite_ds_64/USA_Turquie_Chili_GMFUNL_inference/nsize224/fgsm0/ncal0/triplet/inverseTriplet/prototypes_no/npos1/nneg1/protoagg_mean_1/normyes/dist_cosine/knn3/train_encodings.npz,logs/best_models/otitis_four_class/resnet18/otite_ds_64/USA_Turquie_Chili_GMFUNL_inference/nsize224/fgsm0/ncal0/triplet/inverseTriplet/prototypes_no/npos1/nneg1/protoagg_mean_1/normyes/dist_cosine/knn3/valid_encodings.npz,logs/best_models/otitis_four_class/resnet18/otite_ds_64/USA_Turquie_Chili_GMFUNL_inference/nsize224/fgsm0/ncal0/triplet/inverseTriplet/prototypes_no/npos1/nneg1/protoagg_mean_1/normyes/dist_cosine/knn3/test_encodings.npz,logs/otitis_four_class/c784ee77-074f-4de6-ad55-597b431bdef9,yes,,0.5295276100132421,0.5295276100132421,0.7771942260633621,0.533054964713087,0.7278496473717374,0.6477272727272727,0.9728797574598997,0.8579178145087235,0.8478053259871441,0.946115565009235,0.05608922952930313,0.5059660916604385,baseline_rbf_svc,RBF SVC,rbf_svc,2,baseline_rbf_svc,RBF SVC,rbf_svc,2,"Banque_Calaman_USA_2020_trie_CM,Banque_Comert_Turquie_2020_jpg,GMFUNL_jan2023",Banque_Viscaino_Chili_2020,Banque_Viscaino_Chili_2020,"Banque_Calaman_USA_2020_trie_CM,Banque_Comert_Turquie_2020_jpg,GMFUNL_jan2023|Banque_Viscaino_Chili_2020|Banque_Viscaino_Chili_2020"
88ba8e7ec417,otitis_four_class,resnet18,otite_ds_64/USA_Turquie_Chili_GMFUNL_inference,224,0,0,triplet,inverseTriplet,no,1,1,mean,1,yes,euclidean,3,logs/best_models/otitis_four_class/resnet18/otite_ds_64/USA_Turquie_Chili_GMFUNL_inference/nsize224/fgsm0/ncal0/triplet/inverseTriplet/prototypes_no/npos1/nneg1/protoagg_mean_1/normyes/dist_euclidean/knn3,logs/best_models/otitis_four_class/resnet18/otite_ds_64/USA_Turquie_Chili_GMFUNL_inference/nsize224/fgsm0/ncal0/triplet/inverseTriplet/prototypes_no/npos1/nneg1/protoagg_mean_1/normyes/dist_euclidean/knn3/model.pth,logs/best_models/otitis_four_class/resnet18/otite_ds_64/USA_Turquie_Chili_GMFUNL_inference/nsize224/fgsm0/ncal0/triplet/inverseTriplet/prototypes_no/npos1/nneg1/protoagg_mean_1/normyes/dist_euclidean/knn3/prototypes.pkl,logs/best_models/otitis_four_class/resnet18/otite_ds_64/USA_Turquie_Chili_GMFUNL_inference/nsize224/fgsm0/ncal0/triplet/inverseTriplet/prototypes_no/npos1/nneg1/protoagg_mean_1/normyes/dist_euclidean/knn3/train_encodings.npz,logs/best_models/otitis_four_class/resnet18/otite_ds_64/USA_Turquie_Chili_GMFUNL_inference/nsize224/fgsm0/ncal0/triplet/inverseTriplet/prototypes_no/npos1/nneg1/protoagg_mean_1/normyes/dist_euclidean/knn3/valid_encodings.npz,logs/best_models/otitis_four_class/resnet18/otite_ds_64/USA_Turquie_Chili_GMFUNL_inference/nsize224/fgsm0/ncal0/triplet/inverseTriplet/prototypes_no/npos1/nneg1/protoagg_mean_1/normyes/dist_euclidean/knn3/test_encodings.npz,logs/otitis_four_class/29e5be10-15f0-4228-a932-6e06d3be7f16,yes,,0.5295276100132421,0.5295276100132421,0.7771942260633621,0.533054964713087,0.7278496473717374,0.6477272727272727,0.9728797574598997,0.8579178145087235,0.8478053259871441,0.946115565009235,0.05608922952930313,0.5059660916604385,baseline_rbf_svc,RBF SVC,rbf_svc,2,baseline_rbf_svc,RBF SVC,rbf_svc,2,"Banque_Calaman_USA_2020_trie_CM,Banque_Comert_Turquie_2020_jpg,GMFUNL_jan2023",Banque_Viscaino_Chili_2020,Banque_Viscaino_Chili_2020,"Banque_Calaman_USA_2020_trie_CM,Banque_Comert_Turquie_2020_jpg,GMFUNL_jan2023|Banque_Viscaino_Chili_2020|Banque_Viscaino_Chili_2020"
066351adfe35,otitis_four_class,resnet18,otite_ds_64/USA_Turquie_Chili_GMFUNL_inference,224,0,0,triplet,inverseTriplet,no,1,5,mean,1,yes,cosine,3,logs/best_models/otitis_four_class/resnet18/otite_ds_64/USA_Turquie_Chili_GMFUNL_inference/nsize224/fgsm0/ncal0/triplet/inverseTriplet/prototypes_no/npos1/nneg5/protoagg_mean_1/normyes/dist_cosine/knn3,logs/best_models/otitis_four_class/resnet18/otite_ds_64/USA_Turquie_Chili_GMFUNL_inference/nsize224/fgsm0/ncal0/triplet/inverseTriplet/prototypes_no/npos1/nneg5/protoagg_mean_1/normyes/dist_cosine/knn3/model.pth,logs/best_models/otitis_four_class/resnet18/otite_ds_64/USA_Turquie_Chili_GMFUNL_inference/nsize224/fgsm0/ncal0/triplet/inverseTriplet/prototypes_no/npos1/nneg5/protoagg_mean_1/normyes/dist_cosine/knn3/prototypes.pkl,logs/best_models/otitis_four_class/resnet18/otite_ds_64/USA_Turquie_Chili_GMFUNL_inference/nsize224/fgsm0/ncal0/triplet/inverseTriplet/prototypes_no/npos1/nneg5/protoagg_mean_1/normyes/dist_cosine/knn3/train_encodings.npz,logs/best_models/otitis_four_class/resnet18/otite_ds_64/USA_Turquie_Chili_GMFUNL_inference/nsize224/fgsm0/ncal0/triplet/inverseTriplet/prototypes_no/npos1/nneg5/protoagg_mean_1/normyes/dist_cosine/knn3/valid_encodings.npz,logs/best_models/otitis_four_class/resnet18/otite_ds_64/USA_Turquie_Chili_GMFUNL_inference/nsize224/fgsm0/ncal0/triplet/inverseTriplet/prototypes_no/npos1/nneg5/protoagg_mean_1/normyes/dist_cosine/knn3/test_encodings.npz,logs/otitis_four_class/0a6eaac8-249d-4b94-a98b-39eb79235afa,yes,,0.5295276100132421,0.5295276100132421,0.7771942260633621,0.533054964713087,0.7278496473717374,0.6477272727272727,0.9728797574598997,0.8579178145087235,0.8478053259871441,0.946115565009235,0.05608922952930313,0.5059660916604385,baseline_rbf_svc,RBF SVC,rbf_svc,2,baseline_rbf_svc,RBF SVC,rbf_svc,2,"Banque_Calaman_USA_2020_trie_CM,Banque_Comert_Turquie_2020_jpg,GMFUNL_jan2023",Banque_Viscaino_Chili_2020,Banque_Viscaino_Chili_2020,"Banque_Calaman_USA_2020_trie_CM,Banque_Comert_Turquie_2020_jpg,GMFUNL_jan2023|Banque_Viscaino_Chili_2020|Banque_Viscaino_Chili_2020"
3229434a401e,otitis_four_class,resnet18,otite_ds_64/USA_Turquie_Chili_GMFUNL_inference,224,0,0,triplet,inverseTriplet,no,1,5,mean,1,yes,euclidean,3,logs/best_models/otitis_four_class/resnet18/otite_ds_64/USA_Turquie_Chili_GMFUNL_inference/nsize224/fgsm0/ncal0/triplet/inverseTriplet/prototypes_no/npos1/nneg5/protoagg_mean_1/normyes/dist_euclidean/knn3,logs/best_models/otitis_four_class/resnet18/otite_ds_64/USA_Turquie_Chili_GMFUNL_inference/nsize224/fgsm0/ncal0/triplet/inverseTriplet/prototypes_no/npos1/nneg5/protoagg_mean_1/normyes/dist_euclidean/knn3/model.pth,logs/best_models/otitis_four_class/resnet18/otite_ds_64/USA_Turquie_Chili_GMFUNL_inference/nsize224/fgsm0/ncal0/triplet/inverseTriplet/prototypes_no/npos1/nneg5/protoagg_mean_1/normyes/dist_euclidean/knn3/prototypes.pkl,logs/best_models/otitis_four_class/resnet18/otite_ds_64/USA_Turquie_Chili_GMFUNL_inference/nsize224/fgsm0/ncal0/triplet/inverseTriplet/prototypes_no/npos1/nneg5/protoagg_mean_1/normyes/dist_euclidean/knn3/train_encodings.npz,logs/best_models/otitis_four_class/resnet18/otite_ds_64/USA_Turquie_Chili_GMFUNL_inference/nsize224/fgsm0/ncal0/triplet/inverseTriplet/prototypes_no/npos1/nneg5/protoagg_mean_1/normyes/dist_euclidean/knn3/valid_encodings.npz,logs/best_models/otitis_four_class/resnet18/otite_ds_64/USA_Turquie_Chili_GMFUNL_inference/nsize224/fgsm0/ncal0/triplet/inverseTriplet/prototypes_no/npos1/nneg5/protoagg_mean_1/normyes/dist_euclidean/knn3/test_encodings.npz,logs/otitis_four_class/aa14cf27-4e1b-46da-83d2-b5783fe5e6f3,yes,,0.5295276100132421,0.5295276100132421,0.7771942260633621,0.533054964713087,0.7278496473717374,0.6477272727272727,0.9728797574598997,0.8579178145087235,0.8478053259871441,0.946115565009235,0.05608922952930313,0.5059660916604385,baseline_rbf_svc,RBF SVC,rbf_svc,2,baseline_rbf_svc,RBF SVC,rbf_svc,2,"Banque_Calaman_USA_2020_trie_CM,Banque_Comert_Turquie_2020_jpg,GMFUNL_jan2023",Banque_Viscaino_Chili_2020,Banque_Viscaino_Chili_2020,"Banque_Calaman_USA_2020_trie_CM,Banque_Comert_Turquie_2020_jpg,GMFUNL_jan2023|Banque_Viscaino_Chili_2020|Banque_Viscaino_Chili_2020"
e62d0600b6a5,otitis_four_class,resnet18,otite_ds_64/USA_Turquie_Chili_GMFUNL_inference,224,0,0,triplet,no,no,1,1,mean,1,yes,cosine,7,logs/best_models/otitis_four_class/resnet18/otite_ds_64/USA_Turquie_Chili_GMFUNL_inference/nsize224/fgsm0/ncal0/triplet/no/prototypes_no/npos1/nneg1/protoagg_mean_1/normyes/dist_cosine/knn7,logs/best_models/otitis_four_class/resnet18/otite_ds_64/USA_Turquie_Chili_GMFUNL_inference/nsize224/fgsm0/ncal0/triplet/no/prototypes_no/npos1/nneg1/protoagg_mean_1/normyes/dist_cosine/knn7/model.pth,logs/best_models/otitis_four_class/resnet18/otite_ds_64/USA_Turquie_Chili_GMFUNL_inference/nsize224/fgsm0/ncal0/triplet/no/prototypes_no/npos1/nneg1/protoagg_mean_1/normyes/dist_cosine/knn7/prototypes.pkl,logs/best_models/otitis_four_class/resnet18/otite_ds_64/USA_Turquie_Chili_GMFUNL_inference/nsize224/fgsm0/ncal0/triplet/no/prototypes_no/npos1/nneg1/protoagg_mean_1/normyes/dist_cosine/knn7/train_encodings.npz,logs/best_models/otitis_four_class/resnet18/otite_ds_64/USA_Turquie_Chili_GMFUNL_inference/nsize224/fgsm0/ncal0/triplet/no/prototypes_no/npos1/nneg1/protoagg_mean_1/normyes/dist_cosine/knn7/valid_encodings.npz,logs/best_models/otitis_four_class/resnet18/otite_ds_64/USA_Turquie_Chili_GMFUNL_inference/nsize224/fgsm0/ncal0/triplet/no/prototypes_no/npos1/nneg1/protoagg_mean_1/normyes/dist_cosine/knn7/test_encodings.npz,logs/otitis_four_class/5c0b9a92-3c92-44ac-bf43-508c075b8516,yes,,0.5585869068763524,0.5585869068763524,0.7296848771404594,0.5589747482963163,0.6912824810309582,0.6545454545454545,0.9576229222441963,0.91188246097337,0.9182024793388429,0.9336393873116673,0.22573623437627527,0.5975387608818397,baseline_lda,Linear Discriminant,lda,2,baseline_lda,Linear Discriminant,lda,2,"Banque_Calaman_USA_2020_trie_CM,Banque_Comert_Turquie_2020_jpg,GMFUNL_jan2023",Banque_Viscaino_Chili_2020,Banque_Viscaino_Chili_2020,"Banque_Calaman_USA_2020_trie_CM,Banque_Comert_Turquie_2020_jpg,GMFUNL_jan2023|Banque_Viscaino_Chili_2020|Banque_Viscaino_Chili_2020"
209d33433b06,otitis_four_class,resnet18,otite_ds_64/USA_Turquie_Chili_GMFUNL_inference,224,0,0,triplet,no,no,1,5,mean,1,yes,cosine,7,logs/best_models/otitis_four_class/resnet18/otite_ds_64/USA_Turquie_Chili_GMFUNL_inference/nsize224/fgsm0/ncal0/triplet/no/prototypes_no/npos1/nneg5/protoagg_mean_1/normyes/dist_cosine/knn7,logs/best_models/otitis_four_class/resnet18/otite_ds_64/USA_Turquie_Chili_GMFUNL_inference/nsize224/fgsm0/ncal0/triplet/no/prototypes_no/npos1/nneg5/protoagg_mean_1/normyes/dist_cosine/knn7/model.pth,logs/best_models/otitis_four_class/resnet18/otite_ds_64/USA_Turquie_Chili_GMFUNL_inference/nsize224/fgsm0/ncal0/triplet/no/prototypes_no/npos1/nneg5/protoagg_mean_1/normyes/dist_cosine/knn7/prototypes.pkl,logs/best_models/otitis_four_class/resnet18/otite_ds_64/USA_Turquie_Chili_GMFUNL_inference/nsize224/fgsm0/ncal0/triplet/no/prototypes_no/npos1/nneg5/protoagg_mean_1/normyes/dist_cosine/knn7/train_encodings.npz,logs/best_models/otitis_four_class/resnet18/otite_ds_64/USA_Turquie_Chili_GMFUNL_inference/nsize224/fgsm0/ncal0/triplet/no/prototypes_no/npos1/nneg5/protoagg_mean_1/normyes/dist_cosine/knn7/valid_encodings.npz,logs/best_models/otitis_four_class/resnet18/otite_ds_64/USA_Turquie_Chili_GMFUNL_inference/nsize224/fgsm0/ncal0/triplet/no/prototypes_no/npos1/nneg5/protoagg_mean_1/normyes/dist_cosine/knn7/test_encodings.npz,logs/otitis_four_class/15fc89c4-b759-4117-8ebf-9c390b4ef8e8,yes,,0.5585869068763524,0.5585869068763524,0.7296848771404594,0.5589747482963163,0.6912824810309582,0.6545454545454545,0.9576229222441963,0.91188246097337,0.9182024793388429,0.9336393873116673,0.22573623437627527,0.5975387608818397,baseline_lda,Linear Discriminant,lda,2,baseline_lda,Linear Discriminant,lda,2,"Banque_Calaman_USA_2020_trie_CM,Banque_Comert_Turquie_2020_jpg,GMFUNL_jan2023",Banque_Viscaino_Chili_2020,Banque_Viscaino_Chili_2020,"Banque_Calaman_USA_2020_trie_CM,Banque_Comert_Turquie_2020_jpg,GMFUNL_jan2023|Banque_Viscaino_Chili_2020|Banque_Viscaino_Chili_2020"
03008827371a,otitis_four_class,resnet18,otite_ds_64/USA_Turquie_Chili_GMFUNL_inference,224,0,0,triplet,no,no,1,5,mean,1,yes,euclidean,5,logs/best_models/otitis_four_class/resnet18/otite_ds_64/USA_Turquie_Chili_GMFUNL_inference/nsize224/fgsm0/ncal0/triplet/no/prototypes_no/npos1/nneg5/protoagg_mean_1/normyes/dist_euclidean/knn5,logs/best_models/otitis_four_class/resnet18/otite_ds_64/USA_Turquie_Chili_GMFUNL_inference/nsize224/fgsm0/ncal0/triplet/no/prototypes_no/npos1/nneg5/protoagg_mean_1/normyes/dist_euclidean/knn5/model.pth,logs/best_models/otitis_four_class/resnet18/otite_ds_64/USA_Turquie_Chili_GMFUNL_inference/nsize224/fgsm0/ncal0/triplet/no/prototypes_no/npos1/nneg5/protoagg_mean_1/normyes/dist_euclidean/knn5/prototypes.pkl,logs/best_models/otitis_four_class/resnet18/otite_ds_64/USA_Turquie_Chili_GMFUNL_inference/nsize224/fgsm0/ncal0/triplet/no/prototypes_no/npos1/nneg5/protoagg_mean_1/normyes/dist_euclidean/knn5/train_encodings.npz,logs/best_models/otitis_four_class/resnet18/otite_ds_64/USA_Turquie_Chili_GMFUNL_inference/nsize224/fgsm0/ncal0/triplet/no/prototypes_no/npos1/nneg5/protoagg_mean_1/normyes/dist_euclidean/knn5/valid_encodings.npz,logs/best_models/otitis_four_class/resnet18/otite_ds_64/USA_Turquie_Chili_GMFUNL_inference/nsize224/fgsm0/ncal0/triplet/no/prototypes_no/npos1/nneg5/protoagg_mean_1/normyes/dist_euclidean/knn5/test_encodings.npz,logs/otitis_four_class/ffe75aed-6216-4cb3-b660-11345d98904f,yes,,,,,,,,,,,,,,,,,,,,,,,,,
b53d1c765cca,otitis_four_class,resnet18,otite_ds_64/USA_Turquie_Chili_GMFUNL_inference,224,1,0,arcface,inverseTriplet,batch,1,1,mean,1,yes,cosine,2,logs/best_models/otitis_four_class/resnet18/otite_ds_64/USA_Turquie_Chili_GMFUNL_inference/nsize224/fgsm1/ncal0/arcface/inverseTriplet/prototypes_batch/npos1/nneg1/protoagg_mean_1/normyes/dist_cosine/knn2,logs/best_models/otitis_four_class/resnet18/otite_ds_64/USA_Turquie_Chili_GMFUNL_inference/nsize224/fgsm1/ncal0/arcface/inverseTriplet/prototypes_batch/npos1/nneg1/protoagg_mean_1/normyes/dist_cosine/knn2/model.pth,logs/best_models/otitis_four_class/resnet18/otite_ds_64/USA_Turquie_Chili_GMFUNL_inference/nsize224/fgsm1/ncal0/arcface/inverseTriplet/prototypes_batch/npos1/nneg1/protoagg_mean_1/normyes/dist_cosine/knn2/prototypes.pkl,logs/best_models/otitis_four_class/resnet18/otite_ds_64/USA_Turquie_Chili_GMFUNL_inference/nsize224/fgsm1/ncal0/arcface/inverseTriplet/prototypes_batch/npos1/nneg1/protoagg_mean_1/normyes/dist_cosine/knn2/train_encodings.npz,logs/best_models/otitis_four_class/resnet18/otite_ds_64/USA_Turquie_Chili_GMFUNL_inference/nsize224/fgsm1/ncal0/arcface/inverseTriplet/prototypes_batch/npos1/nneg1/protoagg_mean_1/normyes/dist_cosine/knn2/valid_encodings.npz,logs/best_models/otitis_four_class/resnet18/otite_ds_64/USA_Turquie_Chili_GMFUNL_inference/nsize224/fgsm1/ncal0/arcface/inverseTriplet/prototypes_batch/npos1/nneg1/protoagg_mean_1/normyes/dist_cosine/knn2/test_encodings.npz,logs/otitis_four_class/067ada09-8863-471f-a5e2-54585172e862,yes,,0.7241176770083,0.7241176770083,0.8283788433831744,0.6741864275928342,0.7771104080210083,0.8022727272727272,0.9462177190283079,0.9044421487603306,0.8793721303948576,0.9396268911353425,0.19789352434987934,0.395321375739314,baseline_naive_bayes,Naive Bayes,naive_bayes,0,baseline_naive_bayes,Naive Bayes,naive_bayes,0,"Banque_Calaman_USA_2020_trie_CM,Banque_Comert_Turquie_2020_jpg,GMFUNL_jan2023",Banque_Viscaino_Chili_2020,Banque_Viscaino_Chili_2020,"Banque_Calaman_USA_2020_trie_CM,Banque_Comert_Turquie_2020_jpg,GMFUNL_jan2023|Banque_Viscaino_Chili_2020|Banque_Viscaino_Chili_2020"
bed9f157dc77,otitis_four_class,resnet18,otite_ds_64/USA_Turquie_Chili_GMFUNL_inference,224,1,0,arcface,inverseTriplet,class,1,1,mean,1,yes,cosine,2,logs/best_models/otitis_four_class/resnet18/otite_ds_64/USA_Turquie_Chili_GMFUNL_inference/nsize224/fgsm1/ncal0/arcface/inverseTriplet/prototypes_class/npos1/nneg1/protoagg_mean_1/normyes/dist_cosine/knn2,logs/best_models/otitis_four_class/resnet18/otite_ds_64/USA_Turquie_Chili_GMFUNL_inference/nsize224/fgsm1/ncal0/arcface/inverseTriplet/prototypes_class/npos1/nneg1/protoagg_mean_1/normyes/dist_cosine/knn2/model.pth,logs/best_models/otitis_four_class/resnet18/otite_ds_64/USA_Turquie_Chili_GMFUNL_inference/nsize224/fgsm1/ncal0/arcface/inverseTriplet/prototypes_class/npos1/nneg1/protoagg_mean_1/normyes/dist_cosine/knn2/prototypes.pkl,logs/best_models/otitis_four_class/resnet18/otite_ds_64/USA_Turquie_Chili_GMFUNL_inference/nsize224/fgsm1/ncal0/arcface/inverseTriplet/prototypes_class/npos1/nneg1/protoagg_mean_1/normyes/dist_cosine/knn2/train_encodings.npz,logs/best_models/otitis_four_class/resnet18/otite_ds_64/USA_Turquie_Chili_GMFUNL_inference/nsize224/fgsm1/ncal0/arcface/inverseTriplet/prototypes_class/npos1/nneg1/protoagg_mean_1/normyes/dist_cosine/knn2/valid_encodings.npz,logs/best_models/otitis_four_class/resnet18/otite_ds_64/USA_Turquie_Chili_GMFUNL_inference/nsize224/fgsm1/ncal0/arcface/inverseTriplet/prototypes_class/npos1/nneg1/protoagg_mean_1/normyes/dist_cosine/knn2/test_encodings.npz,logs/otitis_four_class/38272e58-0662-478d-9f43-36f01f1e5b10,yes,,0.7241176770083,0.7241176770083,0.8283788433831744,0.6741864275928342,0.7771104080210083,0.8022727272727272,0.9462177190283079,0.9044421487603306,0.8793721303948576,0.9396268911353425,0.19789352434987934,0.395321375739314,baseline_naive_bayes,Naive Bayes,naive_bayes,0,baseline_naive_bayes,Naive Bayes,naive_bayes,0,"Banque_Calaman_USA_2020_trie_CM,Banque_Comert_Turquie_2020_jpg,GMFUNL_jan2023",Banque_Viscaino_Chili_2020,Banque_Viscaino_Chili_2020,"Banque_Calaman_USA_2020_trie_CM,Banque_Comert_Turquie_2020_jpg,GMFUNL_jan2023|Banque_Viscaino_Chili_2020|Banque_Viscaino_Chili_2020"
b871b21ed38c,otitis_four_class,resnet18,otite_ds_64/USA_Turquie_Chili_GMFUNL_inference,224,1,0,arcface,inverseTriplet,no,1,1,mean,1,yes,cosine,3,logs/best_models/otitis_four_class/resnet18/otite_ds_64/USA_Turquie_Chili_GMFUNL_inference/nsize224/fgsm1/ncal0/arcface/inverseTriplet/prototypes_no/npos1/nneg1/protoagg_mean_1/normyes/dist_cosine/knn3,logs/best_models/otitis_four_class/resnet18/otite_ds_64/USA_Turquie_Chili_GMFUNL_inference/nsize224/fgsm1/ncal0/arcface/inverseTriplet/prototypes_no/npos1/nneg1/protoagg_mean_1/normyes/dist_cosine/knn3/model.pth,logs/best_models/otitis_four_class/resnet18/otite_ds_64/USA_Turquie_Chili_GMFUNL_inference/nsize224/fgsm1/ncal0/arcface/inverseTriplet/prototypes_no/npos1/nneg1/protoagg_mean_1/normyes/dist_cosine/knn3/prototypes.pkl,logs/best_models/otitis_four_class/resnet18/otite_ds_64/USA_Turquie_Chili_GMFUNL_inference/nsize224/fgsm1/ncal0/arcface/inverseTriplet/prototypes_no/npos1/nneg1/protoagg_mean_1/normyes/dist_cosine/knn3/train_encodings.npz,logs/best_models/otitis_four_class/resnet18/otite_ds_64/USA_Turquie_Chili_GMFUNL_inference/nsize224/fgsm1/ncal0/arcface/inverseTriplet/prototypes_no/npos1/nneg1/protoagg_mean_1/normyes/dist_cosine/knn3/valid_encodings.npz,logs/best_models/otitis_four_class/resnet18/otite_ds_64/USA_Turquie_Chili_GMFUNL_inference/nsize224/fgsm1/ncal0/arcface/inverseTriplet/prototypes_no/npos1/nneg1/protoagg_mean_1/normyes/dist_cosine/knn3/test_encodings.npz,logs/otitis_four_class/d5bafe08-e655-4492-9bf4-b3e6029dd74a,yes,,0.5295276100132421,0.5295276100132421,0.7771942260633621,0.533054964713087,0.7278496473717374,0.6477272727272727,0.9728797574598997,0.8579178145087235,0.8478053259871441,0.946115565009235,0.05608922952930313,0.5059660916604385,baseline_rbf_svc,RBF SVC,rbf_svc,2,baseline_rbf_svc,RBF SVC,rbf_svc,2,"Banque_Calaman_USA_2020_trie_CM,Banque_Comert_Turquie_2020_jpg,GMFUNL_jan2023",Banque_Viscaino_Chili_2020,Banque_Viscaino_Chili_2020,"Banque_Calaman_USA_2020_trie_CM,Banque_Comert_Turquie_2020_jpg,GMFUNL_jan2023|Banque_Viscaino_Chili_2020|Banque_Viscaino_Chili_2020"
8e585d9f7fbb,otitis_four_class,resnet18,otite_ds_64/USA_Turquie_Chili_GMFUNL_inference,224,1,0,arcface,no,class,1,1,mean,1,yes,none,1,logs/best_models/otitis_four_class/resnet18/otite_ds_64/USA_Turquie_Chili_GMFUNL_inference/nsize224/fgsm1/ncal0/arcface/no/prototypes_class/npos1/nneg1/protoagg_mean_1/normyes/dist_none/knn1,logs/best_models/otitis_four_class/resnet18/otite_ds_64/USA_Turquie_Chili_GMFUNL_inference/nsize224/fgsm1/ncal0/arcface/no/prototypes_class/npos1/nneg1/protoagg_mean_1/normyes/dist_none/knn1/model.pth,logs/best_models/otitis_four_class/resnet18/otite_ds_64/USA_Turquie_Chili_GMFUNL_inference/nsize224/fgsm1/ncal0/arcface/no/prototypes_class/npos1/nneg1/protoagg_mean_1/normyes/dist_none/knn1/prototypes.pkl,logs/best_models/otitis_four_class/resnet18/otite_ds_64/USA_Turquie_Chili_GMFUNL_inference/nsize224/fgsm1/ncal0/arcface/no/prototypes_class/npos1/nneg1/protoagg_mean_1/normyes/dist_none/knn1/train_encodings.npz,logs/best_models/otitis_four_class/resnet18/otite_ds_64/USA_Turquie_Chili_GMFUNL_inference/nsize224/fgsm1/ncal0/arcface/no/prototypes_class/npos1/nneg1/protoagg_mean_1/normyes/dist_none/knn1/valid_encodings.npz,logs/best_models/otitis_four_class/resnet18/otite_ds_64/USA_Turquie_Chili_GMFUNL_inference/nsize224/fgsm1/ncal0/arcface/no/prototypes_class/npos1/nneg1/protoagg_mean_1/normyes/dist_none/knn1/test_encodings.npz,logs/otitis_four_class/16c0a5f8-9126-4d63-955f-5f277f6277e1,yes,,0.7270750574569337,0.7270750574569337,0.8611308116031319,0.6949043204375099,0.8373392484550483,0.825,0.9891972666879305,0.942465564738292,0.9255406336088154,0.9790505188886447,0.07665289256198346,0.28820435762584523,11,KNN (k=11),knn,2,11,KNN (k=11),knn,2,"Banque_Calaman_USA_2020_trie_CM,Banque_Comert_Turquie_2020_jpg,GMFUNL_jan2023",Banque_Viscaino_Chili_2020,Banque_Viscaino_Chili_2020,"Banque_Calaman_USA_2020_trie_CM,Banque_Comert_Turquie_2020_jpg,GMFUNL_jan2023|Banque_Viscaino_Chili_2020|Banque_Viscaino_Chili_2020"
9dfcaae0e9b5,otitis_four_class,resnet18,otite_ds_64/USA_Turquie_Chili_GMFUNL_inference,224,1,0,arcface,no,class,1,1,mean,1,yes,none,3,logs/best_models/otitis_four_class/resnet18/otite_ds_64/USA_Turquie_Chili_GMFUNL_inference/nsize224/fgsm1/ncal0/arcface/no/prototypes_class/npos1/nneg1/protoagg_mean_1/normyes/dist_none/knn3,logs/best_models/otitis_four_class/resnet18/otite_ds_64/USA_Turquie_Chili_GMFUNL_inference/nsize224/fgsm1/ncal0/arcface/no/prototypes_class/npos1/nneg1/protoagg_mean_1/normyes/dist_none/knn3/model.pth,logs/best_models/otitis_four_class/resnet18/otite_ds_64/USA_Turquie_Chili_GMFUNL_inference/nsize224/fgsm1/ncal0/arcface/no/prototypes_class/npos1/nneg1/protoagg_mean_1/normyes/dist_none/knn3/prototypes.pkl,logs/best_models/otitis_four_class/resnet18/otite_ds_64/USA_Turquie_Chili_GMFUNL_inference/nsize224/fgsm1/ncal0/arcface/no/prototypes_class/npos1/nneg1/protoagg_mean_1/normyes/dist_none/knn3/train_encodings.npz,logs/best_models/otitis_four_class/resnet18/otite_ds_64/USA_Turquie_Chili_GMFUNL_inference/nsize224/fgsm1/ncal0/arcface/no/prototypes_class/npos1/nneg1/protoagg_mean_1/normyes/dist_none/knn3/valid_encodings.npz,logs/best_models/otitis_four_class/resnet18/otite_ds_64/USA_Turquie_Chili_GMFUNL_inference/nsize224/fgsm1/ncal0/arcface/no/prototypes_class/npos1/nneg1/protoagg_mean_1/normyes/dist_none/knn3/test_encodings.npz,logs/otitis_four_class/37d1995e-ee70-4b6a-b2d3-b68ae65ae55b,yes,,0.5295276100132421,0.5295276100132421,0.7771942260633621,0.533054964713087,0.7278496473717374,0.6477272727272727,0.9728797574598997,0.8579178145087235,0.8478053259871441,0.946115565009235,0.05608922952930313,0.5059660916604385,baseline_rbf_svc,RBF SVC,rbf_svc,2,baseline_rbf_svc,RBF SVC,rbf_svc,2,"Banque_Calaman_USA_2020_trie_CM,Banque_Comert_Turquie_2020_jpg,GMFUNL_jan2023",Banque_Viscaino_Chili_2020,Banque_Viscaino_Chili_2020,"Banque_Calaman_USA_2020_trie_CM,Banque_Comert_Turquie_2020_jpg,GMFUNL_jan2023|Banque_Viscaino_Chili_2020|Banque_Viscaino_Chili_2020"
59af3c3a39e8,otitis_four_class,resnet18,otite_ds_64/USA_Turquie_Chili_GMFUNL_inference,224,1,0,arcface,no,no,1,1,mean,1,yes,none,1,logs/best_models/otitis_four_class/resnet18/otite_ds_64/USA_Turquie_Chili_GMFUNL_inference/nsize224/fgsm1/ncal0/arcface/no/prototypes_no/npos1/nneg1/protoagg_mean_1/normyes/dist_none/knn1,logs/best_models/otitis_four_class/resnet18/otite_ds_64/USA_Turquie_Chili_GMFUNL_inference/nsize224/fgsm1/ncal0/arcface/no/prototypes_no/npos1/nneg1/protoagg_mean_1/normyes/dist_none/knn1/model.pth,logs/best_models/otitis_four_class/resnet18/otite_ds_64/USA_Turquie_Chili_GMFUNL_inference/nsize224/fgsm1/ncal0/arcface/no/prototypes_no/npos1/nneg1/protoagg_mean_1/normyes/dist_none/knn1/prototypes.pkl,logs/best_models/otitis_four_class/resnet18/otite_ds_64/USA_Turquie_Chili_GMFUNL_inference/nsize224/fgsm1/ncal0/arcface/no/prototypes_no/npos1/nneg1/protoagg_mean_1/normyes/dist_none/knn1/train_encodings.npz,logs/best_models/otitis_four_class/resnet18/otite_ds_64/USA_Turquie_Chili_GMFUNL_inference/nsize224/fgsm1/ncal0/arcface/no/prototypes_no/npos1/nneg1/protoagg_mean_1/normyes/dist_none/knn1/valid_encodings.npz,logs/best_models/otitis_four_class/resnet18/otite_ds_64/USA_Turquie_Chili_GMFUNL_inference/nsize224/fgsm1/ncal0/arcface/no/prototypes_no/npos1/nneg1/protoagg_mean_1/normyes/dist_none/knn1/test_encodings.npz,logs/otitis_four_class/352ef4aa-db37-465c-868b-ca2c16b68192,yes,,0.7270750574569337,0.7270750574569337,0.8611308116031319,0.6949043204375099,0.8373392484550483,0.825,0.9891972666879305,0.942465564738292,0.9255406336088154,0.9790505188886447,0.07665289256198346,0.28820435762584523,11,KNN (k=11),knn,2,11,KNN (k=11),knn,2,"Banque_Calaman_USA_2020_trie_CM,Banque_Comert_Turquie_2020_jpg,GMFUNL_jan2023",Banque_Viscaino_Chili_2020,Banque_Viscaino_Chili_2020,"Banque_Calaman_USA_2020_trie_CM,Banque_Comert_Turquie_2020_jpg,GMFUNL_jan2023|Banque_Viscaino_Chili_2020|Banque_Viscaino_Chili_2020"
910cf66a4dd4,otitis_four_class,resnet18,otite_ds_64/USA_Turquie_Chili_GMFUNL_inference,224,1,0,ce,no,no,1,1,mean,1,yes,none,0,logs/best_models/otitis_four_class/resnet18/otite_ds_64/USA_Turquie_Chili_GMFUNL_inference/nsize224/fgsm1/ncal0/ce/no/prototypes_no/npos1/nneg1/protoagg_mean_1/normyes/dist_none/knn0,logs/best_models/otitis_four_class/resnet18/otite_ds_64/USA_Turquie_Chili_GMFUNL_inference/nsize224/fgsm1/ncal0/ce/no/prototypes_no/npos1/nneg1/protoagg_mean_1/normyes/dist_none/knn0/model.pth,logs/best_models/otitis_four_class/resnet18/otite_ds_64/USA_Turquie_Chili_GMFUNL_inference/nsize224/fgsm1/ncal0/ce/no/prototypes_no/npos1/nneg1/protoagg_mean_1/normyes/dist_none/knn0/prototypes.pkl,logs/best_models/otitis_four_class/resnet18/otite_ds_64/USA_Turquie_Chili_GMFUNL_inference/nsize224/fgsm1/ncal0/ce/no/prototypes_no/npos1/nneg1/protoagg_mean_1/normyes/dist_none/knn0/train_encodings.npz,logs/best_models/otitis_four_class/resnet18/otite_ds_64/USA_Turquie_Chili_GMFUNL_inference/nsize224/fgsm1/ncal0/ce/no/prototypes_no/npos1/nneg1/protoagg_mean_1/normyes/dist_none/knn0/valid_encodings.npz,logs/best_models/otitis_four_class/resnet18/otite_ds_64/USA_Turquie_Chili_GMFUNL_inference/nsize224/fgsm1/ncal0/ce/no/prototypes_no/npos1/nneg1/protoagg_mean_1/normyes/dist_none/knn0/test_encodings.npz,logs/otitis_four_class/655d47f6-8d38-471a-a123-714172c2d64c,yes,,0.6506816427610672,0.6506816427610672,0.7837004025420604,0.6586227873305105,0.7590738697099844,0.7431818181818182,0.9766121356484289,0.9368434343434343,0.9433631772268135,0.9657268031355151,0.06464646464646463,0.38741582491582494,18,KNN (k=18),knn,2,18,KNN (k=18),knn,2,"Banque_Calaman_USA_2020_trie_CM,Banque_Comert_Turquie_2020_jpg,GMFUNL_jan2023",Banque_Viscaino_Chili_2020,Banque_Viscaino_Chili_2020,"Banque_Calaman_USA_2020_trie_CM,Banque_Comert_Turquie_2020_jpg,GMFUNL_jan2023|Banque_Viscaino_Chili_2020|Banque_Viscaino_Chili_2020"
9dd4d167224c,otitis_four_class,resnet18,otite_ds_64/USA_Turquie_Chili_GMFUNL_inference,224,1,0,hinge,no,no,1,1,mean,1,yes,none,0,logs/best_models/otitis_four_class/resnet18/otite_ds_64/USA_Turquie_Chili_GMFUNL_inference/nsize224/fgsm1/ncal0/hinge/no/prototypes_no/npos1/nneg1/protoagg_mean_1/normyes/dist_none/knn0,logs/best_models/otitis_four_class/resnet18/otite_ds_64/USA_Turquie_Chili_GMFUNL_inference/nsize224/fgsm1/ncal0/hinge/no/prototypes_no/npos1/nneg1/protoagg_mean_1/normyes/dist_none/knn0/model.pth,logs/best_models/otitis_four_class/resnet18/otite_ds_64/USA_Turquie_Chili_GMFUNL_inference/nsize224/fgsm1/ncal0/hinge/no/prototypes_no/npos1/nneg1/protoagg_mean_1/normyes/dist_none/knn0/prototypes.pkl,logs/best_models/otitis_four_class/resnet18/otite_ds_64/USA_Turquie_Chili_GMFUNL_inference/nsize224/fgsm1/ncal0/hinge/no/prototypes_no/npos1/nneg1/protoagg_mean_1/normyes/dist_none/knn0/train_encodings.npz,logs/best_models/otitis_four_class/resnet18/otite_ds_64/USA_Turquie_Chili_GMFUNL_inference/nsize224/fgsm1/ncal0/hinge/no/prototypes_no/npos1/nneg1/protoagg_mean_1/normyes/dist_none/knn0/valid_encodings.npz,logs/best_models/otitis_four_class/resnet18/otite_ds_64/USA_Turquie_Chili_GMFUNL_inference/nsize224/fgsm1/ncal0/hinge/no/prototypes_no/npos1/nneg1/protoagg_mean_1/normyes/dist_none/knn0/test_encodings.npz,logs/otitis_four_class/6b54c7cb-3c63-4841-8bdd-dc4ed173e692,yes,,0.6506816427610672,0.6506816427610672,0.7837004025420604,0.6586227873305105,0.7590738697099844,0.7431818181818182,0.9766121356484289,0.9368434343434343,0.9433631772268135,0.9657268031355151,0.06464646464646463,0.38741582491582494,18,KNN (k=18),knn,2,18,KNN (k=18),knn,2,"Banque_Calaman_USA_2020_trie_CM,Banque_Comert_Turquie_2020_jpg,GMFUNL_jan2023",Banque_Viscaino_Chili_2020,Banque_Viscaino_Chili_2020,"Banque_Calaman_USA_2020_trie_CM,Banque_Comert_Turquie_2020_jpg,GMFUNL_jan2023|Banque_Viscaino_Chili_2020|Banque_Viscaino_Chili_2020"
6525f1a849d1,otitis_four_class,resnet18,otite_ds_64/USA_Turquie_Chili_GMFUNL_inference,224,1,0,softmax_contrastive,no,no,1,1,mean,1,yes,cosine,3,logs/best_models/otitis_four_class/resnet18/otite_ds_64/USA_Turquie_Chili_GMFUNL_inference/nsize224/fgsm1/ncal0/softmax_contrastive/no/prototypes_no/npos1/nneg1/protoagg_mean_1/normyes/dist_cosine/knn3,logs/best_models/otitis_four_class/resnet18/otite_ds_64/USA_Turquie_Chili_GMFUNL_inference/nsize224/fgsm1/ncal0/softmax_contrastive/no/prototypes_no/npos1/nneg1/protoagg_mean_1/normyes/dist_cosine/knn3/model.pth,logs/best_models/otitis_four_class/resnet18/otite_ds_64/USA_Turquie_Chili_GMFUNL_inference/nsize224/fgsm1/ncal0/softmax_contrastive/no/prototypes_no/npos1/nneg1/protoagg_mean_1/normyes/dist_cosine/knn3/prototypes.pkl,logs/best_models/otitis_four_class/resnet18/otite_ds_64/USA_Turquie_Chili_GMFUNL_inference/nsize224/fgsm1/ncal0/softmax_contrastive/no/prototypes_no/npos1/nneg1/protoagg_mean_1/normyes/dist_cosine/knn3/train_encodings.npz,logs/best_models/otitis_four_class/resnet18/otite_ds_64/USA_Turquie_Chili_GMFUNL_inference/nsize224/fgsm1/ncal0/softmax_contrastive/no/prototypes_no/npos1/nneg1/protoagg_mean_1/normyes/dist_cosine/knn3/valid_encodings.npz,logs/best_models/otitis_four_class/resnet18/otite_ds_64/USA_Turquie_Chili_GMFUNL_inference/nsize224/fgsm1/ncal0/softmax_contrastive/no/prototypes_no/npos1/nneg1/protoagg_mean_1/normyes/dist_cosine/knn3/test_encodings.npz,logs/otitis_four_class/c3f4f9c8-707b-45ee-acc8-b64474b71d1c,yes,,0.5295276100132421,0.5295276100132421,0.7771942260633621,0.533054964713087,0.7278496473717374,0.6477272727272727,0.9728797574598997,0.8579178145087235,0.8478053259871441,0.946115565009235,0.05608922952930313,0.5059660916604385,baseline_rbf_svc,RBF SVC,rbf_svc,2,baseline_rbf_svc,RBF SVC,rbf_svc,2,"Banque_Calaman_USA_2020_trie_CM,Banque_Comert_Turquie_2020_jpg,GMFUNL_jan2023",Banque_Viscaino_Chili_2020,Banque_Viscaino_Chili_2020,"Banque_Calaman_USA_2020_trie_CM,Banque_Comert_Turquie_2020_jpg,GMFUNL_jan2023|Banque_Viscaino_Chili_2020|Banque_Viscaino_Chili_2020"
23362436b541,otitis_four_class,resnet18,otite_ds_64/USA_Turquie_Chili_GMFUNL_inference,224,1,0,softmax_contrastive,no,no,1,1,mean,1,yes,euclidean,3,logs/best_models/otitis_four_class/resnet18/otite_ds_64/USA_Turquie_Chili_GMFUNL_inference/nsize224/fgsm1/ncal0/softmax_contrastive/no/prototypes_no/npos1/nneg1/protoagg_mean_1/normyes/dist_euclidean/knn3,logs/best_models/otitis_four_class/resnet18/otite_ds_64/USA_Turquie_Chili_GMFUNL_inference/nsize224/fgsm1/ncal0/softmax_contrastive/no/prototypes_no/npos1/nneg1/protoagg_mean_1/normyes/dist_euclidean/knn3/model.pth,logs/best_models/otitis_four_class/resnet18/otite_ds_64/USA_Turquie_Chili_GMFUNL_inference/nsize224/fgsm1/ncal0/softmax_contrastive/no/prototypes_no/npos1/nneg1/protoagg_mean_1/normyes/dist_euclidean/knn3/prototypes.pkl,logs/best_models/otitis_four_class/resnet18/otite_ds_64/USA_Turquie_Chili_GMFUNL_inference/nsize224/fgsm1/ncal0/softmax_contrastive/no/prototypes_no/npos1/nneg1/protoagg_mean_1/normyes/dist_euclidean/knn3/train_encodings.npz,logs/best_models/otitis_four_class/resnet18/otite_ds_64/USA_Turquie_Chili_GMFUNL_inference/nsize224/fgsm1/ncal0/softmax_contrastive/no/prototypes_no/npos1/nneg1/protoagg_mean_1/normyes/dist_euclidean/knn3/valid_encodings.npz,logs/best_models/otitis_four_class/resnet18/otite_ds_64/USA_Turquie_Chili_GMFUNL_inference/nsize224/fgsm1/ncal0/softmax_contrastive/no/prototypes_no/npos1/nneg1/protoagg_mean_1/normyes/dist_euclidean/knn3/test_encodings.npz,logs/otitis_four_class/0b2aa3bd-5cc3-402c-96e2-6738d7d07ed3,yes,,0.5295276100132421,0.5295276100132421,0.7771942260633621,0.533054964713087,0.7278496473717374,0.6477272727272727,0.9728797574598997,0.8579178145087235,0.8478053259871441,0.946115565009235,0.05608922952930313,0.5059660916604385,baseline_rbf_svc,RBF SVC,rbf_svc,2,baseline_rbf_svc,RBF SVC,rbf_svc,2,"Banque_Calaman_USA_2020_trie_CM,Banque_Comert_Turquie_2020_jpg,GMFUNL_jan2023",Banque_Viscaino_Chili_2020,Banque_Viscaino_Chili_2020,"Banque_Calaman_USA_2020_trie_CM,Banque_Comert_Turquie_2020_jpg,GMFUNL_jan2023|Banque_Viscaino_Chili_2020|Banque_Viscaino_Chili_2020"
4b01c60163e0,otitis_four_class,resnet18,otite_ds_64/USA_Turquie_Chili_GMFUNL_inference,224,1,0,triplet,inverseTriplet,batch,1,1,mean,1,yes,cosine,1,logs/best_models/otitis_four_class/resnet18/otite_ds_64/USA_Turquie_Chili_GMFUNL_inference/nsize224/fgsm1/ncal0/triplet/inverseTriplet/prototypes_batch/npos1/nneg1/protoagg_mean_1/normyes/dist_cosine/knn1,logs/best_models/otitis_four_class/resnet18/otite_ds_64/USA_Turquie_Chili_GMFUNL_inference/nsize224/fgsm1/ncal0/triplet/inverseTriplet/prototypes_batch/npos1/nneg1/protoagg_mean_1/normyes/dist_cosine/knn1/model.pth,logs/best_models/otitis_four_class/resnet18/otite_ds_64/USA_Turquie_Chili_GMFUNL_inference/nsize224/fgsm1/ncal0/triplet/inverseTriplet/prototypes_batch/npos1/nneg1/protoagg_mean_1/normyes/dist_cosine/knn1/prototypes.pkl,logs/best_models/otitis_four_class/resnet18/otite_ds_64/USA_Turquie_Chili_GMFUNL_inference/nsize224/fgsm1/ncal0/triplet/inverseTriplet/prototypes_batch/npos1/nneg1/protoagg_mean_1/normyes/dist_cosine/knn1/train_encodings.npz,logs/best_models/otitis_four_class/resnet18/otite_ds_64/USA_Turquie_Chili_GMFUNL_inference/nsize224/fgsm1/ncal0/triplet/inverseTriplet/prototypes_batch/npos1/nneg1/protoagg_mean_1/normyes/dist_cosine/knn1/valid_encodings.npz,logs/best_models/otitis_four_class/resnet18/otite_ds_64/USA_Turquie_Chili_GMFUNL_inference/nsize224/fgsm1/ncal0/triplet/inverseTriplet/prototypes_batch/npos1/nneg1/protoagg_mean_1/normyes/dist_cosine/knn1/test_encodings.npz,logs/otitis_four_class/c2fbf1d4-56b4-4b65-9092-2d844f1afa33,yes,,0.7270750574569337,0.7270750574569337,0.8611308116031319,0.6949043204375099,0.8373392484550483,0.825,0.9891972666879305,0.942465564738292,0.9255406336088154,0.9790505188886447,0.07665289256198346,0.28820435762584523,11,KNN (k=11),knn,2,11,KNN (k=11),knn,2,"Banque_Calaman_USA_2020_trie_CM,Banque_Comert_Turquie_2020_jpg,GMFUNL_jan2023",Banque_Viscaino_Chili_2020,Banque_Viscaino_Chili_2020,"Banque_Calaman_USA_2020_trie_CM,Banque_Comert_Turquie_2020_jpg,GMFUNL_jan2023|Banque_Viscaino_Chili_2020|Banque_Viscaino_Chili_2020"
6524f0f3733e,otitis_four_class,resnet18,otite_ds_64/USA_Turquie_Chili_GMFUNL_inference,224,1,0,triplet,inverseTriplet,no,1,1,mean,1,yes,cosine,4,logs/best_models/otitis_four_class/resnet18/otite_ds_64/USA_Turquie_Chili_GMFUNL_inference/nsize224/fgsm1/ncal0/triplet/inverseTriplet/prototypes_no/npos1/nneg1/protoagg_mean_1/normyes/dist_cosine/knn4,logs/best_models/otitis_four_class/resnet18/otite_ds_64/USA_Turquie_Chili_GMFUNL_inference/nsize224/fgsm1/ncal0/triplet/inverseTriplet/prototypes_no/npos1/nneg1/protoagg_mean_1/normyes/dist_cosine/knn4/model.pth,logs/best_models/otitis_four_class/resnet18/otite_ds_64/USA_Turquie_Chili_GMFUNL_inference/nsize224/fgsm1/ncal0/triplet/inverseTriplet/prototypes_no/npos1/nneg1/protoagg_mean_1/normyes/dist_cosine/knn4/prototypes.pkl,logs/best_models/otitis_four_class/resnet18/otite_ds_64/USA_Turquie_Chili_GMFUNL_inference/nsize224/fgsm1/ncal0/triplet/inverseTriplet/prototypes_no/npos1/nneg1/protoagg_mean_1/normyes/dist_cosine/knn4/train_encodings.npz,logs/best_models/otitis_four_class/resnet18/otite_ds_64/USA_Turquie_Chili_GMFUNL_inference/nsize224/fgsm1/ncal0/triplet/inverseTriplet/prototypes_no/npos1/nneg1/protoagg_mean_1/normyes/dist_cosine/knn4/valid_encodings.npz,logs/best_models/otitis_four_class/resnet18/otite_ds_64/USA_Turquie_Chili_GMFUNL_inference/nsize224/fgsm1/ncal0/triplet/inverseTriplet/prototypes_no/npos1/nneg1/protoagg_mean_1/normyes/dist_cosine/knn4/test_encodings.npz,logs/otitis_four_class/b8775768-1bbb-4a4f-96ca-f376d4d84ab6,yes,,,,,,,,,,,,,,,,,,,,,,,,,
47a585201473,otitis_four_class,resnet18,otite_ds_64/USA_Turquie_Chili_GMFUNL_inference,224,1,0,triplet,no,class,1,1,mean,1,yes,cosine,2,logs/best_models/otitis_four_class/resnet18/otite_ds_64/USA_Turquie_Chili_GMFUNL_inference/nsize224/fgsm1/ncal0/triplet/no/prototypes_class/npos1/nneg1/protoagg_mean_1/normyes/dist_cosine/knn2,logs/best_models/otitis_four_class/resnet18/otite_ds_64/USA_Turquie_Chili_GMFUNL_inference/nsize224/fgsm1/ncal0/triplet/no/prototypes_class/npos1/nneg1/protoagg_mean_1/normyes/dist_cosine/knn2/model.pth,logs/best_models/otitis_four_class/resnet18/otite_ds_64/USA_Turquie_Chili_GMFUNL_inference/nsize224/fgsm1/ncal0/triplet/no/prototypes_class/npos1/nneg1/protoagg_mean_1/normyes/dist_cosine/knn2/prototypes.pkl,logs/best_models/otitis_four_class/resnet18/otite_ds_64/USA_Turquie_Chili_GMFUNL_inference/nsize224/fgsm1/ncal0/triplet/no/prototypes_class/npos1/nneg1/protoagg_mean_1/normyes/dist_cosine/knn2/train_encodings.npz,logs/best_models/otitis_four_class/resnet18/otite_ds_64/USA_Turquie_Chili_GMFUNL_inference/nsize224/fgsm1/ncal0/triplet/no/prototypes_class/npos1/nneg1/protoagg_mean_1/normyes/dist_cosine/knn2/valid_encodings.npz,logs/best_models/otitis_four_class/resnet18/otite_ds_64/USA_Turquie_Chili_GMFUNL_inference/nsize224/fgsm1/ncal0/triplet/no/prototypes_class/npos1/nneg1/protoagg_mean_1/normyes/dist_cosine/knn2/test_encodings.npz,logs/otitis_four_class/e0712039-c4fd-4668-930b-3c8f16857abf,yes,,0.7241176770083,0.7241176770083,0.8283788433831744,0.6741864275928342,0.7771104080210083,0.8022727272727272,0.9462177190283079,0.9044421487603306,0.8793721303948576,0.9396268911353425,0.19789352434987934,0.395321375739314,baseline_naive_bayes,Naive Bayes,naive_bayes,0,baseline_naive_bayes,Naive Bayes,naive_bayes,0,"Banque_Calaman_USA_2020_trie_CM,Banque_Comert_Turquie_2020_jpg,GMFUNL_jan2023",Banque_Viscaino_Chili_2020,Banque_Viscaino_Chili_2020,"Banque_Calaman_USA_2020_trie_CM,Banque_Comert_Turquie_2020_jpg,GMFUNL_jan2023|Banque_Viscaino_Chili_2020|Banque_Viscaino_Chili_2020"
c447a38663db,otitis_four_class,resnet18,otite_ds_64/USA_Turquie_Chili_GMFUNL_inference,224,1,0,triplet,no,class,1,1,mean,1,yes,euclidean,4,logs/best_models/otitis_four_class/resnet18/otite_ds_64/USA_Turquie_Chili_GMFUNL_inference/nsize224/fgsm1/ncal0/triplet/no/prototypes_class/npos1/nneg1/protoagg_mean_1/normyes/dist_euclidean/knn4,logs/best_models/otitis_four_class/resnet18/otite_ds_64/USA_Turquie_Chili_GMFUNL_inference/nsize224/fgsm1/ncal0/triplet/no/prototypes_class/npos1/nneg1/protoagg_mean_1/normyes/dist_euclidean/knn4/model.pth,logs/best_models/otitis_four_class/resnet18/otite_ds_64/USA_Turquie_Chili_GMFUNL_inference/nsize224/fgsm1/ncal0/triplet/no/prototypes_class/npos1/nneg1/protoagg_mean_1/normyes/dist_euclidean/knn4/prototypes.pkl,logs/best_models/otitis_four_class/resnet18/otite_ds_64/USA_Turquie_Chili_GMFUNL_inference/nsize224/fgsm1/ncal0/triplet/no/prototypes_class/npos1/nneg1/protoagg_mean_1/normyes/dist_euclidean/knn4/train_encodings.npz,logs/best_models/otitis_four_class/resnet18/otite_ds_64/USA_Turquie_Chili_GMFUNL_inference/nsize224/fgsm1/ncal0/triplet/no/prototypes_class/npos1/nneg1/protoagg_mean_1/normyes/dist_euclidean/knn4/valid_encodings.npz,logs/best_models/otitis_four_class/resnet18/otite_ds_64/USA_Turquie_Chili_GMFUNL_inference/nsize224/fgsm1/ncal0/triplet/no/prototypes_class/npos1/nneg1/protoagg_mean_1/normyes/dist_euclidean/knn4/test_encodings.npz,logs/otitis_four_class/aa55c61b-c61d-413d-84ce-12d7e63f5022,yes,,,,,,,,,,,,,,,,,,,,,,,,,
365cdb16302b,otitis_four_class,resnet18,otite_ds_64/USA_Turquie_Chili_GMFUNL_inference,224,1,0,triplet,no,no,1,1,mean,1,yes,cosine,3,logs/best_models/otitis_four_class/resnet18/otite_ds_64/USA_Turquie_Chili_GMFUNL_inference/nsize224/fgsm1/ncal0/triplet/no/prototypes_no/npos1/nneg1/protoagg_mean_1/normyes/dist_cosine/knn3,logs/best_models/otitis_four_class/resnet18/otite_ds_64/USA_Turquie_Chili_GMFUNL_inference/nsize224/fgsm1/ncal0/triplet/no/prototypes_no/npos1/nneg1/protoagg_mean_1/normyes/dist_cosine/knn3/model.pth,logs/best_models/otitis_four_class/resnet18/otite_ds_64/USA_Turquie_Chili_GMFUNL_inference/nsize224/fgsm1/ncal0/triplet/no/prototypes_no/npos1/nneg1/protoagg_mean_1/normyes/dist_cosine/knn3/prototypes.pkl,logs/best_models/otitis_four_class/resnet18/otite_ds_64/USA_Turquie_Chili_GMFUNL_inference/nsize224/fgsm1/ncal0/triplet/no/prototypes_no/npos1/nneg1/protoagg_mean_1/normyes/dist_cosine/knn3/train_encodings.npz,logs/best_models/otitis_four_class/resnet18/otite_ds_64/USA_Turquie_Chili_GMFUNL_inference/nsize224/fgsm1/ncal0/triplet/no/prototypes_no/npos1/nneg1/protoagg_mean_1/normyes/dist_cosine/knn3/valid_encodings.npz,logs/best_models/otitis_four_class/resnet18/otite_ds_64/USA_Turquie_Chili_GMFUNL_inference/nsize224/fgsm1/ncal0/triplet/no/prototypes_no/npos1/nneg1/protoagg_mean_1/normyes/dist_cosine/knn3/test_encodings.npz,logs/otitis_four_class/d29efa8d-b823-448a-acd2-2f8cb027641f,yes,,0.5295276100132421,0.5295276100132421,0.7771942260633621,0.533054964713087,0.7278496473717374,0.6477272727272727,0.9728797574598997,0.8579178145087235,0.8478053259871441,0.946115565009235,0.05608922952930313,0.5059660916604385,baseline_rbf_svc,RBF SVC,rbf_svc,2,baseline_rbf_svc,RBF SVC,rbf_svc,2,"Banque_Calaman_USA_2020_trie_CM,Banque_Comert_Turquie_2020_jpg,GMFUNL_jan2023",Banque_Viscaino_Chili_2020,Banque_Viscaino_Chili_2020,"Banque_Calaman_USA_2020_trie_CM,Banque_Comert_Turquie_2020_jpg,GMFUNL_jan2023|Banque_Viscaino_Chili_2020|Banque_Viscaino_Chili_2020"
409ea149e9cd,otitis_four_class,resnet18,otite_ds_64/USA_Turquie_Chili_GMFUNL_inference,224,1,0,triplet,no,no,1,5,mean,1,yes,cosine,2,logs/best_models/otitis_four_class/resnet18/otite_ds_64/USA_Turquie_Chili_GMFUNL_inference/nsize224/fgsm1/ncal0/triplet/no/prototypes_no/npos1/nneg5/protoagg_mean_1/normyes/dist_cosine/knn2,logs/best_models/otitis_four_class/resnet18/otite_ds_64/USA_Turquie_Chili_GMFUNL_inference/nsize224/fgsm1/ncal0/triplet/no/prototypes_no/npos1/nneg5/protoagg_mean_1/normyes/dist_cosine/knn2/model.pth,logs/best_models/otitis_four_class/resnet18/otite_ds_64/USA_Turquie_Chili_GMFUNL_inference/nsize224/fgsm1/ncal0/triplet/no/prototypes_no/npos1/nneg5/protoagg_mean_1/normyes/dist_cosine/knn2/prototypes.pkl,logs/best_models/otitis_four_class/resnet18/otite_ds_64/USA_Turquie_Chili_GMFUNL_inference/nsize224/fgsm1/ncal0/triplet/no/prototypes_no/npos1/nneg5/protoagg_mean_1/normyes/dist_cosine/knn2/train_encodings.npz,logs/best_models/otitis_four_class/resnet18/otite_ds_64/USA_Turquie_Chili_GMFUNL_inference/nsize224/fgsm1/ncal0/triplet/no/prototypes_no/npos1/nneg5/protoagg_mean_1/normyes/dist_cosine/knn2/valid_encodings.npz,logs/best_models/otitis_four_class/resnet18/otite_ds_64/USA_Turquie_Chili_GMFUNL_inference/nsize224/fgsm1/ncal0/triplet/no/prototypes_no/npos1/nneg5/protoagg_mean_1/normyes/dist_cosine/knn2/test_encodings.npz,logs/otitis_four_class/c2499eb0-d114-4d11-971a-df1372c260ed,yes,,0.7241176770083,0.7241176770083,0.8283788433831744,0.6741864275928342,0.7771104080210083,0.8022727272727272,0.9462177190283079,0.9044421487603306,0.8793721303948576,0.9396268911353425,0.19789352434987934,0.395321375739314,baseline_naive_bayes,Naive Bayes,naive_bayes,0,baseline_naive_bayes,Naive Bayes,naive_bayes,0,"Banque_Calaman_USA_2020_trie_CM,Banque_Comert_Turquie_2020_jpg,GMFUNL_jan2023",Banque_Viscaino_Chili_2020,Banque_Viscaino_Chili_2020,"Banque_Calaman_USA_2020_trie_CM,Banque_Comert_Turquie_2020_jpg,GMFUNL_jan2023|Banque_Viscaino_Chili_2020|Banque_Viscaino_Chili_2020"
b858138df4da,otitis_four_class,resnet18,otite_ds_64/USA_Turquie_Chili_GMFUNL_inference,224,1,0,triplet,no,no,1,5,mean,1,yes,cosine,3,logs/best_models/otitis_four_class/resnet18/otite_ds_64/USA_Turquie_Chili_GMFUNL_inference/nsize224/fgsm1/ncal0/triplet/no/prototypes_no/npos1/nneg5/protoagg_mean_1/normyes/dist_cosine/knn3,logs/best_models/otitis_four_class/resnet18/otite_ds_64/USA_Turquie_Chili_GMFUNL_inference/nsize224/fgsm1/ncal0/triplet/no/prototypes_no/npos1/nneg5/protoagg_mean_1/normyes/dist_cosine/knn3/model.pth,logs/best_models/otitis_four_class/resnet18/otite_ds_64/USA_Turquie_Chili_GMFUNL_inference/nsize224/fgsm1/ncal0/triplet/no/prototypes_no/npos1/nneg5/protoagg_mean_1/normyes/dist_cosine/knn3/prototypes.pkl,logs/best_models/otitis_four_class/resnet18/otite_ds_64/USA_Turquie_Chili_GMFUNL_inference/nsize224/fgsm1/ncal0/triplet/no/prototypes_no/npos1/nneg5/protoagg_mean_1/normyes/dist_cosine/knn3/train_encodings.npz,logs/best_models/otitis_four_class/resnet18/otite_ds_64/USA_Turquie_Chili_GMFUNL_inference/nsize224/fgsm1/ncal0/triplet/no/prototypes_no/npos1/nneg5/protoagg_mean_1/normyes/dist_cosine/knn3/valid_encodings.npz,logs/best_models/otitis_four_class/resnet18/otite_ds_64/USA_Turquie_Chili_GMFUNL_inference/nsize224/fgsm1/ncal0/triplet/no/prototypes_no/npos1/nneg5/protoagg_mean_1/normyes/dist_cosine/knn3/test_encodings.npz,logs/otitis_four_class/4835513e-478d-4716-a92d-194dcf91b092,yes,,0.5295276100132421,0.5295276100132421,0.7771942260633621,0.533054964713087,0.7278496473717374,0.6477272727272727,0.9728797574598997,0.8579178145087235,0.8478053259871441,0.946115565009235,0.05608922952930313,0.5059660916604385,baseline_rbf_svc,RBF SVC,rbf_svc,2,baseline_rbf_svc,RBF SVC,rbf_svc,2,"Banque_Calaman_USA_2020_trie_CM,Banque_Comert_Turquie_2020_jpg,GMFUNL_jan2023",Banque_Viscaino_Chili_2020,Banque_Viscaino_Chili_2020,"Banque_Calaman_USA_2020_trie_CM,Banque_Comert_Turquie_2020_jpg,GMFUNL_jan2023|Banque_Viscaino_Chili_2020|Banque_Viscaino_Chili_2020"
,otitis_four_class,resnet18,,,,,,,,,,,,,,,logs/best_models/otitis_four_class/resnet18/otite_ds_64/USA_Turquie_Chili_GMFUNL/nsize224/fgsm0/ncal0/arcface/no/prototypes_class/npos1/nneg1/protoagg_mean_1/normyes/dist_none/knn8,,,,,,logs/otitis_four_class/99790aee-5fa6-47a1-9e0e-23f8c09f570d,yes,,0.7109493100418071,0.7109493100418071,0.8607483712224006,0.6874537539458488,0.8344309489000938,0.8136363636363636,0.9890749451111154,0.932878787878788,0.9304327364554638,0.9774226368828205,0.12301136363636364,0.3286044034090909,16,KNN (k=16),knn,2,16,KNN (k=16),knn,2,"Banque_Calaman_USA_2020_trie_CM,Banque_Comert_Turquie_2020_jpg,GMFUNL_jan2023",Banque_Viscaino_Chili_2020,Banque_Viscaino_Chili_2020,"Banque_Calaman_USA_2020_trie_CM,Banque_Comert_Turquie_2020_jpg,GMFUNL_jan2023|Banque_Viscaino_Chili_2020|Banque_Viscaino_Chili_2020"
